:020000040800F2
:1000000000000220F92000080D1F0008151F00083D
:100010001D1F0008251F00082D1F000800000000FC
:10002000000000000000000000000000351F000874
:10003000431F000800000000511F00085F1F000858
:1000400049210008492100084921000849210008E8
:1000500049210008492100084921000849210008D8
:1000600049210008492100084921000849210008C8
:1000700049210008492100084921000849210008B8
:1000800049210008492100084921000849210008A8
:100090004921000849210008492100084921000898
:1000A0004921000849210008492100084921000888
:1000B0004921000849210008492100084921000878
:1000C0004921000849210008492100084921000868
:1000D0004921000849210008492100084921000858
:1000E0004921000849210008492100084921000848
:1000F0004921000849210008492100084921000838
:100100004921000849210008492100084921000827
:100110004921000849210008492100084921000817
:100120004921000849210008492100084921000807
:1001300049210008492100084921000849210008F7
:100140004921000849210008492100086D1F0008C5
:1001500049210008492100084921000849210008D7
:1001600049210008492100084921000849210008C7
:100170004921000849210008492100080000000029
:08018000492100084921000893
:1001900010B5054C237833B9044B13B10448AFF3C1
:1001A00000800123237010BDF80100200000000032
:1001B00000EB000808B5034B1BB103490348AFF33C
:1001C000008008BD00000000FC01002000EB0008DA
:1001D00001F0FF01102A2BDB10F0070F08D010F8F8
:1001E000013B013A8B422DD010F0070F42B3F6D1FC
:1001F000F0B441EA012141EA014122F007047FF015
:1002000000070023F0E80256083C85EA010586EA6B
:10021000010685FA47F5A3FA87F586FA47F6A5FAA7
:1002200087F68EB9EED1F0BC01F0FF0102F00702B3
:1002300032B110F8013B013A83EA010313B1F8D15E
:100240000020704701387047002D06BF354603383F
:10025000073815F0010F07D1013015F4807F02BF78
:10026000013015F4C03F0130F0BC0138704700BFC9
:10027000034613F8012B002AFBD1181A01387047E6
:1002800081F0004102E000BF83F0004330B54FEA47
:1002900041044FEA430594EA050F08BF90EA020FB4
:1002A0001FBF54EA000C55EA020C7FEA645C7FEA47
:1002B000655C00F0E2804FEA5454D4EB5555B8BF6A
:1002C0006D420CDD2C4480EA020281EA030382EADB
:1002D000000083EA010180EA020281EA0303362D6D
:1002E00088BF30BD11F0004F4FEA01314FF4801C40
:1002F0004CEA113102D0404261EB410113F0004F52
:100300004FEA03334CEA133302D0524263EB430308
:1003100094EA050F00F0A780A4F10104D5F1200EA6
:100320000DDB02FA0EFC22FA05F2801841F1000101
:1003300003FA0EF2801843FA05F359410EE0A5F1D5
:1003400020050EF1200E012A03FA0EFC28BF4CF006
:10035000020C43FA05F3C01851EBE37101F00045BC
:1003600007D54FF0000EDCF1000C7EEB00006EEBC9
:100370000101B1F5801F1BD3B1F5001F0CD3490853
:100380005FEA30004FEA3C0C04F101044FEA4452AA
:1003900012F5800F80F09A80BCF1004F08BF5FEA31
:1003A000500C50F1000041EB045141EA050130BD11
:1003B0005FEA4C0C404141EB0101013C28BFB1F523
:1003C000801FE9D291F0000F04BF01460020B1FA6E
:1003D00081F308BF2033A3F10B03B3F120020CDA41
:1003E0000C3208DD02F1140CC2F10C0201FA0CF01F
:1003F00021FA02F10CE002F11402D8BFC2F1200C84
:1004000001FA02F120FA0CFCDCBF41EA0C01904039
:10041000E41AA2BF01EB0451294330BD6FEA040482
:100420001F3C1CDA0C340EDC04F11404C4F120026D
:1004300020FA04F001FA02F340EA030021FA04F37F
:1004400045EA030130BDC4F10C04C4F1200220FAD6
:1004500002F001FA04F340EA0300294630BD21FA14
:1004600004F0294630BD94F0000F83F4801306BFDA
:1004700081F480110134013D4EE77FEA645C18BFCE
:100480007FEA655C29D094EA050F08BF90EA020F65
:1004900005D054EA000C04BF1946104630BD91EA5D
:1004A000030F1EBF0021002030BD5FEA545C05D160
:1004B0004000494128BF41F0004130BD14F580049F
:1004C0003CBF01F5801130BD01F0004545F0FE4113
:1004D00041F470014FF0000030BD7FEA645C1ABF48
:1004E000194610467FEA655C1CBF0B46024650EA7F
:1004F000013406BF52EA033591EA030F41F40021AB
:1005000030BD00BF90F0000F04BF0021704730B530
:100510004FF4806404F132044FF000054FF0000105
:1005200050E700BF90F0000F04BF0021704730B5C6
:100530004FF4806404F1320410F0004548BF40429B
:100540004FF000013EE700BF42004FEAE2014FEAF0
:1005500031014FEA02701FBF12F07F4393F07F4FCB
:1005600081F06051704732F07F4208BF704793F0CE
:100570007F4F04BF41F40021704730B54FF46074E1
:1005800001F0004521F000411CE700BF50EA0102E4
:1005900008BF704730B54FF000050AE050EA01028D
:1005A00008BF704730B511F0004502D5404261EBFD
:1005B00041014FF4806404F132045FEA915C3FF43E
:1005C000D8AE4FF003025FEADC0C18BF03325FEADB
:1005D000DC0C18BF033202EBDC02C2F1200300FA8C
:1005E00003FC20FA02F001FA03FE40EA0E0021FAB1
:1005F00002F11444BDE600BF70B54FF0FF0C4CF49F
:10060000E06C1CEA11541DBF1CEA135594EA0C0F50
:1006100095EA0C0F00F0DEF82C4481EA030621EA8B
:100620004C5123EA4C5350EA013518BF52EA0335C6
:1006300041F4801143F4801338D0A0FB02CE4FF078
:100640000005E1FB02E506F00042E0FB03E54FF0A8
:100650000006E1FB03569CF0000F18BF4EF0010EA0
:10066000A4F1FF04B6F5007F64F5407404D25FEA9C
:100670004E0E6D4146EB060642EAC62141EA55514F
:100680004FEAC52040EA5E504FEACE2EB4F1FD0C91
:1006900088BFBCF5E06F1ED8BEF1004F08BF5FEA0F
:1006A000500E50F1000041EB045170BD06F00046C1
:1006B00046EA010140EA020081EA0301B4EB5C046E
:1006C000C2BFD4EB0C0541EA045170BD41F4801166
:1006D0004FF0000E013C00F3AB8014F1360FDEBF8B
:1006E000002001F0004170BDC4F10004203C35DA67
:1006F0000C341BDC04F11404C4F1200500FA05F3EA
:1007000020FA04F001FA05F240EA020001F000428A
:1007100021F0004110EBD37021FA04F642EB060100
:100720005EEA430E08BF20EAD37070BDC4F10C042A
:10073000C4F1200500FA04F320FA05F001FA04F2EE
:1007400040EA020001F0004110EBD37041F10001DA
:100750005EEA430E08BF20EAD37070BDC4F12005E5
:1007600000FA05F24EEA020E20FA04F301FA05F24D
:1007700043EA020321FA04F001F0004121FA04F2F5
:1007800020EA020000EBD3705EEA430E08BF20EAC5
:10079000D37070BD94F0000F0FD101F000464000FF
:1007A00041EB010111F4801F08BF013CF7D041EA81
:1007B000060195F0000F18BF704703F00046520085
:1007C00043EB030313F4801F08BF013DF7D043EA56
:1007D0000603704794EA0C0F0CEA135518BF95EA0C
:1007E0000C0F0CD050EA410618BF52EA4306D1D193
:1007F00081EA030101F000414FF0000070BD50EAB2
:10080000410606BF1046194652EA430619D094EA3B
:100810000C0F02D150EA013613D195EA0C0F05D125
:1008200052EA03361CBF104619460AD181EA030179
:1008300001F0004141F0FE4141F470014FF0000031
:1008400070BD41F0FE4141F4780170BD70B54FF0CC
:10085000FF0C4CF4E06C1CEA11541DBF1CEA13554C
:1008600094EA0C0F95EA0C0F00F0A7F8A4EB05042E
:1008700081EA030E52EA03354FEA013100F0888025
:100880004FEA03334FF0805545EA131343EA1263EE
:100890004FEA022245EA111545EA10654FEA0026A3
:1008A0000EF000419D4208BF964244F1FD0404F55C
:1008B000407402D25B084FEA3202B61A65EB0305B8
:1008C0005B084FEA32024FF480104FF4002CB6EB75
:1008D000020E75EB030E22BFB61A754640EA0C00F5
:1008E0005B084FEA3202B6EB020E75EB030E22BF35
:1008F000B61A754640EA5C005B084FEA3202B6EB76
:10090000020E75EB030E22BFB61A754640EA9C0034
:100910005B084FEA3202B6EB020E75EB030E22BF04
:10092000B61A754640EADC0055EA060E18D04FEAC2
:10093000051545EA16754FEA06164FEAC30343EA62
:1009400052734FEAC2025FEA1C1CC0D111F4801F2F
:100950000BD141EA00014FF000004FF0004CB6E728
:1009600011F4801F04BF01430020B4F1FD0C88BFC7
:10097000BCF5E06F3FF6AFAEB5EB030C04BFB6EBD2
:10098000020C5FEA500C50F1000041EB045170BDC5
:100990000EF0004E4EEA113114EB5C04C2BFD4EBF2
:1009A0000C0541EA045170BD41F480114FF0000E76
:1009B000013C90E645EA060E8DE60CEA135594EAF2
:1009C0000C0F08BF95EA0C0F3FF43BAF94EA0C0FF5
:1009D0000AD150EA01347FF434AF95EA0C0F7FF46A
:1009E00025AF104619462CE795EA0C0F06D152EABE
:1009F00003353FF4FDAE1046194622E750EA4106A2
:100A000018BF52EA43067FF4C5AE50EA41047FF4B2
:100A10000DAF52EA43057FF4EBAE12E74FF0FF3C17
:100A200006E000BF4FF0010C02E000BF4FF0010CE8
:100A30004DF804CD4FEA410C7FEA6C5C4FEA430C61
:100A400018BF7FEA6C5C1BD001B050EA410C0CBFB0
:100A500052EA430C91EA030F02BF90EA020F002012
:100A6000704710F1000F91EA030F58BF994208BF79
:100A700090422CBFD8176FEAE37040F00100704736
:100A80004FEA410C7FEA6C5C02D150EA013C07D18D
:100A90004FEA430C7FEA6C5CD6D152EA033CD3D0D8
:100AA0005DF8040B704700BF8446104662468C46D2
:100AB0001946634600E000BF01B5FFF7B7FF002805
:100AC00048BF10F1000F01BD4DF808EDFFF7F4FF2E
:100AD0000CBF012000205DF808FB00BF4DF808EDB9
:100AE000FFF7EAFF34BF012000205DF808FB00BFDC
:100AF0004DF808EDFFF7E0FF94BF012000205DF8FE
:100B000008FB00BF4DF808EDFFF7CEFF94BF0120B2
:100B100000205DF808FB00BF4DF808EDFFF7C4FFAB
:100B200034BF012000205DF808FB00BF4FEA410CF4
:100B30007FEA6C5C02D150EA013C0AD14FEA430CD7
:100B40007FEA6C5C02D152EA033C02D14FF0000014
:100B500070474FF0010070474FEA410212F5001252
:100B600015D211D56FF47873B3EB625212D94FEAF4
:100B7000C12343F0004343EA505311F0004F23FADE
:100B800002F018BF404270474FF00000704750EA33
:100B9000013005D111F0004008BF6FF000407047F0
:100BA0004FF00000704700BF53B94AB9002908BF91
:100BB00000281CBF4FF0FF314FF0FF3000F088B924
:100BC000ADF1080C6DE904CE00F006F8DDF804E0A4
:100BD000DDE9022304B070472DE9F047089D8E46F9
:100BE00004468846002B4AD18A42174662D9B2FA97
:100BF00082F64EB1C6F1200301FA06F820FA03F39B
:100C0000B74043EA0808B4404FEA174E1FFA87FC82
:100C1000B8FBFEF1230C0EFB118843EA084301FBED
:100C20000CF29A4209D9FB1801F1FF3080F0EA80FA
:100C30009A4240F2E78002393B449A1AA3B2B2FBCF
:100C4000FEF00EFB102243EA024300FB0CFC9C4525
:100C500009D9FB1800F1FF3280F0D6809C4540F2A4
:100C6000D3803B44023840EA0140A3EB0C0300214F
:100C70001DB1F3400022C5E90032BDE8F0878B4288
:100C800005D90DB1C5E9000100210846F5E7B3FA21
:100C900083F1002946D1734502D3824200F20581D7
:100CA000841A6EEB030201209046002DE5D0C5E9C1
:100CB0000048E2E7002A00F09080B2FA82F6002EA7
:100CC00040F0A4808A1A030C4FEA174E80B2BCB2DF
:100CD0000121B2FBFEFC0EFB1C2243EA024304FB93
:100CE0000CF29A4207D9FB180CF1FF3802D29A4253
:100CF00000F2E080C4469B1AB3FBFEF20EFB1233F7
:100D000040EA034302FB04F49C4207D9FB1802F1BA
:100D1000FF3002D29C4200F2CA8002461B1B42EA0C
:100D20000C40A5E7C1F120068B4022FA06F71F43CD
:100D30000EFA01F420FA06F32EFA06FE4FEA1749DE
:100D4000234300FA01F81FFA87FCBEFBF9F01C0CE4
:100D500009FB10EE44EA0E4400FB0CFEA64502FA25
:100D600001F209D93C1900F1FF3A80F09C80A645B8
:100D700040F2998002383C44A4EB0E041FFA83FE33
:100D8000B4FBF9F309FB13444EEA044403FB0CFCE7
:100D9000A44508D93C1903F1FF3E80F08280A445A8
:100DA0007FD9023B3C4443EA0040A4EB0C04A0FB87
:100DB00002EC64457346E14662D35FD05DB1B8EBA7
:100DC000030264EB090404FA06F622FA01F31E4357
:100DD000CC40C5E9006400214FE7B1FBF2FC010CF7
:100DE00041EA0E4180B240EA01423B4638463C4669
:100DF000B846BE462026B1FBF7F1A2EB080241EA55
:100E00000C4166E7014618E710462CE7C6F12002C0
:100E10002EFA02F3B740B14020FA02F24FEA174E21
:100E20000A43B3FBFEF8BCB20EFB1833110C41EAC7
:100E3000034108FB04F9B04089454FEA104380B2F2
:100E40003ED9791808F1FF3C01D289451FD8A1EBA2
:100E50000901B1FBFEF909FB04F80EFB191192B26E
:100E600042EA0142424529D2BA1809F1FF31C4D2FF
:100E70004245C2D2A9F102013A44BEE7F0459DD2F3
:100E8000BEEB02036CEB070C0138E14696E7A7EBDB
:100E900009094944A8F1020CB1FBFEF909FB04F869
:100EA000DBE773467FE7504666E70846FDE63B44CE
:100EB000023A33E7ACF1020C3B441CE749469CE79D
:100EC000A1EB0901C446B1FBFEF909FB04F8C4E734
:100ED000704700BF80B586B002AF03460A46FB717B
:100EE0001346BB7197F9073023F00F035AB297F9F5
:100EF000063013435BB243F008035BB2DBB2FB7313
:100F000007F10F024FF0FF33009301234E211248E7
:100F100004F00AFBFB7B43F00403DBB2FB7307F135
:100F20000F024FF0FF33009301234E210A4804F0D3
:100F3000FBFAFB7B23F00403DBB2FB7307F10F0228
:100F40004FF0FF33009301234E21034804F0ECFAE5
:100F500000BF1037BD4680BD5C02002080B582B066
:100F600000AF0346FB71FB7923F00F03DBB20021D6
:100F70001846FFF7AFFFFB791B01DBB200211846D3
:100F8000FFF7A8FF022001F053F900BF0837BD4664
:100F900080BD80B582B000AF0346FB71FB7923F0C2
:100FA0000F03DBB201211846FFF794FFFB791B0109
:100FB000DBB201211846FFF78DFF022001F038F95E
:100FC00000BF0837BD4680BD80B500AF0120FFF7E8
:100FD000C5FF022001F02CF900BF80BD80B584B0B0
:100FE00000AF786039607B68002B04D13B68DBB2CE
:100FF000803BDBB203E03B68DBB2403BDBB2FB7320
:10100000FB7B1846FFF7AAFF00BF1037BD4680BD27
:1010100080B582B000AF786006E07B685A1C7A60C9
:101020001B781846FFF7B5FF7B681B78002BF4D1BF
:1010300000BF00BF0837BD4680BD80B500AF32207D
:1010400001F0F6F800213020FFF744FF052001F001
:10105000EFF800213020FFF73DFF012001F0E8F814
:1010600000213020FFF736FF0A2001F0E1F80021CF
:101070002020FFF72FFF2820FFF770FF0820FFF741
:101080006DFF0120FFF76AFF0620FFF767FF0C20C6
:10109000FFF764FF00BF80BD80B483B000AF78600D
:1010A0004FF06043D3F8803E03F00103002B13D0D0
:1010B0004FF06043D3F8003E03F00103002B0BD048
:1010C00000E000BF4FF060431B68002BF9D04FF0E9
:1010D00060437A68D2B21A707B6818460C37BD46F6
:1010E0005DF8047B704780B586B000AFF860B960EA
:1010F0007A6000237B6109E0BB685A1CBA601B78E8
:101100001846FFF7C9FF7B6901337B617A697B6809
:101110009A42F1DB7B6818461837BD4680BD000057
:1011200080B588B000AF0023FB610023BB6113E0F2
:10113000224801F0E5F86421204801F0E6F91F4853
:1011400001F06EFA0246FB691344FB611B4801F093
:10115000A9F9BB690133BB61BB69092BE8DDFB69F8
:1011600007EE903AB8EE677AF2EE046AC7EE267A96
:10117000C7ED057AD7ED057A9FED117A27EE877ACC
:10118000DFED106AC7EE267AC7ED047A0E4BFB60DE
:101190000E4BBB6097ED047AD7ED037A77EE676A62
:1011A00097ED027AC6EE877AC7ED017A7B6807EE83
:1011B000903AB0EE670A2037BD4680BD1402002089
:1011C0003333534000F07F453333D33FD044D83CD2
:1011D00080B588B002AF00F0B9FF00F089F800F0E8
:1011E0006FFA00F041F900F09BF90AF0BBFA00F049
:1011F000E9F800F03BFA00F065F900F0C1F900F001
:1012000085FBFFF71AFF00212E4806F009F82E484B
:101210000BF0F0FB2D480BF0EDFB2D480BF0EAFB3B
:101220002C480BF0E7FB00F0A5FB2B4B1A68254B75
:101230001B685A63FFF774FF87ED050A7869FFF7AB
:1012400083F902460B4624490968009123480BF0B4
:1012500069FBFFF7B9FE00210020FFF7BFFE204821
:10126000FFF7D6FE04210020FFF7B8FE7869FFF7EC
:101270006BF902460B46381D1A490BF0C3FB3B1DA8
:101280001846FFF7C5FE00210120FFF7A7FE16480C
:10129000FFF7BEFE04210120FFF7A0FE0E4B1A68E7
:1012A0003B1D124918460BF0ADFB3B1D1846FFF7DE
:1012B000AFFE4FF4FA7000F0BBFF0AF079FA00BFFE
:1012C000B1E700BF4C03002018EB000848EB000812
:1012D00068EB00089CEB0008DC030020B8EB00087A
:1012E000D8EB0008E0EB0008E8EB0008F0EB0008A2
:1012F00080B594B000AF07F12003302200211846DA
:101300000BF07AFC07F10C0300221A605A609A6015
:10131000DA601A610023BB60284B1B6C274A43F03C
:1013200080531364254B1B6C03F08053BB60BB6878
:1013300000237B60224B1B68214A43F480431360E7
:101340001F4B1B6803F480437B607B6801233B6277
:101350004FF480337B620223BB634FF48003FB6353
:1013600008233B644FF4A8737B640223BB64072308
:10137000FB6407F12003184605F0D0F80346002B64
:1013800001D000F0BBFA0F23FB6002233B61002376
:101390007B614FF4A053BB614FF48053FB6107F1B5
:1013A0000C030521184605F031FB0346002B01D044
:1013B00000F0A4FA00BF5037BD4680BD003802409F
:1013C0000070004080B584B000AF3B4600221A6038
:1013D0005A609A60DA60214B214A1A601F4B4FF421
:1013E00080325A601D4B00229A601C4B00221A6109
:1013F0001A4B00221A76194B002283F82020174B33
:101400000022DA62154B174A9A62144B0022DA6006
:10141000124B0122DA61114B002283F830200F4B6E
:1014200001225A610D4800F027FF0346002B01D02E
:1014300000F064FA00233B6001237B600023BB6063
:101440003B461946054801F0F9F80346002B01D048
:1014500000F054FA00BF1037BD4680BD14020020D2
:10146000002001400100000F80B500AF124B134A6D
:101470001A60114B124A5A600F4B00229A600E4BB1
:101480000022DA600C4B4FF480421A610A4B0022B2
:101490005A61094B00229A61074B0022DA61064B20
:1014A00000221A62044803F0FBFE0346002B01D021
:1014B00000F024FA00BF80BD5C0200200054004010
:1014C000A086010080B500AF124B134A1A60114B81
:1014D000124A5A600F4B00229A600E4B0022DA60CB
:1014E0000C4B4FF480421A610A4B00225A61094B9F
:1014F00000229A61074B0022DA61064B00221A6231
:10150000044803F0CDFE0346002B01D000F0F6F9AD
:1015100000BF80BDB0020020005C0040A08601003A
:1015200080B500AF134B144A1A60124B4FF400728F
:101530005A60104B00229A600E4B0022DA600D4B6D
:101540004FF400721A610B4B0C4A5A61094B00228E
:101550009A61084B0022DA61064B00221A620548A4
:1015600004F03CFB0346002B01D000F0C7F900BF9C
:1015700080BD00BF04030020003C00400077010054
:1015800080B58EB000AF07F1280300221A605A60C0
:101590009A60DA6007F1200300221A605A603B1D4E
:1015A00000221A605A609A60DA601A615A619A6180
:1015B0002C4B2D4A1A602B4B53225A60294B002288
:1015C0009A60284B6422DA60264B00221A61254B70
:1015D00000229A61234805F07BFD0346002B01D0D1
:1015E00000F08CF94FF48053BB6207F128031946D1
:1015F0001C4805F09FFF0346002B01D000F07EF948
:10160000184805F0B4FD0346002B01D000F076F930
:1016100000233B6200237B6207F120031946114837
:1016200006F066FB0346002B01D000F067F960234B
:101630007B600023BB600023FB6000237B613B1DBC
:1016400000221946074805F0B3FE0346002B01D0DF
:1016500000F054F9034800F0D7FB00BF3837BD460F
:1016600080BD00BF4C0300200004004080B500AFE7
:10167000114B124A1A60104B4FF4E1325A600E4B74
:1016800000229A600C4B0022DA600B4B00221A6198
:10169000094B0C225A61084B00229A61064B00222A
:1016A000DA61054806F0A0FB0346002B01D000F0EC
:1016B00025F900BF80BD00BF940300200044004016
:1016C00080B58CB000AF07F11C0300221A605A608D
:1016D0009A60DA601A610023BB61824B1B6B814AFE
:1016E00043F0100313637F4B1B6B03F01003BB61CC
:1016F000BB6900237B617B4B1B6B7A4A43F004037D
:101700001363784B1B6B03F004037B617B6900233D
:101710003B61744B1B6B734A43F080031363714B43
:101720001B6B03F080033B613B690023FB606D4B47
:101730001B6B6C4A43F0010313636A4B1B6B03F092
:101740000103FB60FB680023BB60664B1B6B654AB3
:1017500043F002031363634B1B6B03F00203BB6094
:10176000BB6800237B605F4B1B6B5E4A43F0080342
:1017700013635C4B1B6B03F008037B607B680022E8
:101780000821594801F03EFC01220121574801F08F
:1017900039FC00224FF21001554801F033FC0823B8
:1017A000FB6101233B6200237B620023BB6207F1E4
:1017B0001C0319464C4801F071FA0123FB61012317
:1017C0003B6200237B620023BB6207F11C031946C6
:1017D000464801F063FA0823FB6102233B620023C1
:1017E0007B620023BB620523FB6207F11C031946E1
:1017F0003E4801F053FAA023FB6102233B62002321
:101800007B620023BB620523FB6207F11C031946C0
:10181000384801F043FA0423FB6100233B620023B4
:101820007B6207F11C031946334801F037FA4FF485
:101830008063FB6102233B6200237B620023BB6267
:101840000523FB6207F11C0319462B4801F026FA19
:101850004FF21003FB6101233B6200237B620023F4
:10186000BB6207F11C031946214801F017FA202337
:10187000FB6100233B6200237B6207F11C031946D6
:101880001B4801F00BFA0223FB614FF490133B62FB
:1018900000237B6207F11C031946134801F0FEF98F
:1018A0003023FB6100233B6201237B620023BB6288
:1018B00007F11C0319460C4801F0F0F94023FB61C5
:1018C00002233B6200237B620023BB620223FB6294
:1018D00007F11C031946074801F0E0F900BF303753
:1018E000BD4680BD003802400010024000080240A2
:1018F000000C0240000002400004024080B400AF2F
:1019000000BFBD465DF8047B7047000080B586B01F
:1019100000AF3B1D00221A605A609A60DA601A61BB
:1019200030237B600023BB600123FB6000233B610D
:101930003B1D19460C4801F0B1F94FF470437B6030
:101940000123BB600023FB6000233B613B1D194664
:10195000064801F0A3F900F015F805480BF04AF825
:1019600000BF1837BD4680BD00100240000C024089
:10197000F8EB000880B500AF00F040F800F002F886
:1019800000BF80BD80B500AF1A4B1B68182BCCBFC1
:1019900001230023DBB21A464FF48051164801F0B0
:1019A00031FB144B1B68312BCCBF01230023DBB26E
:1019B0001A464FF40051104801F024FB0D4B1B68F0
:1019C0004A2BCCBF01230023DBB21A464FF48041DF
:1019D000094801F017FB074B1B68632BCCBF0123A1
:1019E0000023DBB21A464FF40041034801F00AFB22
:1019F00000BF80BDDC030020000C024080B582B037
:101A000000AF1021234801F0E5FA0346FB712021C5
:101A1000204801F0DFFA0346BB71FB79002B15D19A
:101A20001D4B1B78012B11D11C4B1B6819331B4A12
:101A300013601A4B1B68642B02DD184B64221A607A
:101A4000164B1B68194616480AF06CFFBB79002B31
:101A500015D1144B1B78012B11D1104B1B68193B6E
:101A60000E4A13600D4B1B68002B02DA0B4B002251
:101A70001A600A4B1B6819460B480AF053FF064AC6
:101A8000FB791370074ABB79137000BF0837BD4656
:101A900080BD00BF0010024000000020DC030020D9
:101AA00014EC00080100002030EC000880B582B082
:101AB00000AF00237B60104B5B6C0F4A43F4804304
:101AC00053640D4B5B6C03F480437B607B680023A5
:101AD0003B60094B1B6C084A43F080531364064B70
:101AE0001B6C03F080533B603B68072001F094F8C7
:101AF00000BF0837BD4680BD0038024080B58AB0BF
:101B000000AF786007F1140300221A605A609A60EF
:101B1000DA601A617B681B68174A934227D1002359
:101B20003B61164B5B6C154A43F480735364134B53
:101B30005B6C03F480733B613B690023FB600F4BDC
:101B40001B6B0E4A43F0010313630C4B1B6B03F03A
:101B50000103FB60FB6801237B610323BB6100235E
:101B6000FB6107F114031946054801F097F800BF1F
:101B70002837BD4680BD00BF00200140003802402C
:101B80000000024080B58CB000AF786007F11C0304
:101B900000221A605A609A60DA601A617B681B68DA
:101BA000424A93422DD10023BB61414B1B6B404AFB
:101BB00043F0020313633E4B1B6B03F00203BB6154
:101BC000BB694FF41073FB6112233B6201237B62FC
:101BD0000023BB620423FB6207F11C03194635484E
:101BE00001F05CF800237B61314B1B6C304A43F4FD
:101BF000001313642E4B1B6C03F400137B617B6991
:101C000050E07B681B682C4A93424BD100233B6118
:101C1000274B1B6B264A43F004031363244B1B6BB7
:101C200003F004033B613B690023FB60204B1B6B0B
:101C30001F4A43F0010313631D4B1B6B03F00103A9
:101C4000FB60FB684FF40073FB6112233B620023CF
:101C50007B620323BB620423FB6207F11C0319466A
:101C6000164801F01BF84FF48073FB6112233B62AE
:101C700000237B620323BB620423FB6207F11C0386
:101C800019460F4801F00AF80023BB60084B1B6C93
:101C9000074A43F400031364054B1B6C03F4000371
:101CA000BB60BB6800BF3037BD4680BD00540040FC
:101CB0000038024000040240005C0040000802407E
:101CC0000000024080B58EB000AF786007F12403B9
:101CD00000221A605A609A60DA601A6107F11403F0
:101CE00000221A605A609A60DA607B681B68314A89
:101CF00093425AD101237B61C023BB610223FB6164
:101D000007F11403184605F0A1F80346002B01D093
:101D1000FFF7F4FD00233B61274B1B6C264A43F47D
:101D200000431364244B1B6C03F400433B613B6989
:101D30000023FB60204B1B6B1F4A43F0010313631E
:101D40001D4B1B6B03F00103FB60FB680023BB60B2
:101D5000194B1B6B184A43F004031363164B1B6BA0
:101D600003F00403BB60BB6810237B620223BB62E9
:101D70000023FB6200233B6306237B6307F12403FC
:101D800019460E4800F08AFF4FF4A4537B620223E9
:101D9000BB620023FB6200233B6306237B6307F1E6
:101DA00024031946064800F079FF00BF3837BD46C6
:101DB00080BD00BF003C00400038024000000240EF
:101DC0000008024080B485B000AF78607B681B6873
:101DD0000B4A93420DD10023FB600A4B1B6C094A4E
:101DE00043F002031364074B1B6C03F00203FB6018
:101DF000FB6800BF1437BD465DF8047B704700BF29
:101E0000000400400038024080B588B000AF786020
:101E100007F10C0300221A605A609A60DA601A61B6
:101E20007B681B68124A93421DD10023BB60114B93
:101E30001B6B104A43F0010313630E4B1B6B03F043
:101E40000103BB60BB684023FB6002233B610023AE
:101E50007B610023BB610223FB6107F10C03194680
:101E6000054800F01BFF00BF2037BD4680BD00BF06
:101E700000040040003802400000024080B58AB0F3
:101E800000AF786007F1140300221A605A609A606C
:101E9000DA601A617B681B68194A93422BD10023D0
:101EA0003B61184B1B6C174A43F400331364154B0A
:101EB0001B6C03F400333B613B690023FB60114B57
:101EC0001B6B104A43F0010313630E4B1B6B03F0B3
:101ED0000103FB60FB680C237B610223BB610023D1
:101EE000FB6103233B6207237B6207F1140319465E
:101EF000054800F0D3FE00BF2837BD4680BD00BFB7
:101F000000440040003802400000024080B400AFAE
:101F100000BFFDE780B400AF00BFFDE780B400AFB5
:101F200000BFFDE780B400AF00BFFDE780B400AFA5
:101F300000BFFDE780B400AF00BFBD465DF8047B85
:101F4000704780B400AF00BFBD465DF8047B7047AA
:101F500080B400AF00BFBD465DF8047B704780B51C
:101F600000AF00F045F900BF80BD000080B500AFB4
:101F7000024801F041FB00BF80BD00BFC407002044
:101F800080B400AF01231846BD465DF8047B70475E
:101F900080B582B000AF786039600AF08FFE0346EA
:101FA00016221A604FF0FF3318460837BD4680BD31
:101FB00080B582B000AF78604FF0FF317868FFF7EE
:101FC000E7FF00BFFDE780B586B000AFF860B960FD
:101FD0007A6000237B610AE0AFF300800146BB68B2
:101FE0005A1CBA60CAB21A707B6901337B617A6984
:101FF0007B689A42F0DB7B6818461837BD4680BD87
:1020000080B483B000AF78604FF0FF3318460C37D0
:10201000BD465DF8047B704780B483B000AF786044
:1020200039603B684FF400525A60002318460C3761
:10203000BD465DF8047B704780B483B000AF786024
:10204000012318460C37BD465DF8047B704780B409
:1020500085B000AFF860B9607A6000231846143785
:10206000BD465DF8047B704780B586B000AF7860F0
:10207000144A154BD31A7B617B693B61134B1B6878
:10208000002B02D1114B124A1A60104B1A687B6860
:1020900013443A699A4207D20AF010FE03460C2212
:1020A0001A604FF0FF3309E0084B1B68FB60074BD9
:1020B0001A687B681344054A1360FB681846183792
:1020C000BD4680BD0000022000040000E0030020A7
:1020D000F00C002080B400AF064BD3F88830054ADE
:1020E00043F47003C2F8883000BFBD465DF8047B3E
:1020F000704700BF00ED00E0DFF834D0FFF7EAFFE3
:102100000C480D490D4A002302E0D458C450043352
:10211000C4188C42F9D30A4A0A4C002301E0136028
:102120000432A242FBD30AF0CFFDFFF751F870470B
:102130000000022000000020F8010020ECEF000861
:10214000F8010020F00C0020FEE7000080B500AF91
:102150000E4B1B680D4A43F4007313600B4B1B6856
:102160000A4A43F480631360084B1B68074A43F430
:1021700080731360032000F04FFD002000F008F88A
:10218000FFF794FC0023184680BD00BF003C0240CE
:1021900080B582B000AF7860124B1A68124B1B7882
:1021A00019464FF47A73B3FBF1F3B2FBF3F318461D
:1021B00000F067FD0346002B01D001230EE07B6891
:1021C0000F2B0AD8002279684FF0FF3000F02FFD66
:1021D000064A7B681360002300E001231846083795
:1021E000BD4680BD040000200C0000200800002037
:1021F00080B400AF064B1B781A46064B1B6813448D
:10220000044A136000BFBD465DF8047B704700BF01
:102210000C000020E403002080B400AF034B1B68D7
:102220001846BD465DF8047B704700BFE4030020FC
:1022300080B584B000AF7860FFF7EEFFB8607B68D0
:10224000FB60FB68B3F1FF3F05D00A4B1B781A46D1
:10225000FB681344FB6000BFFFF7DEFF0246BB686C
:10226000D31AFA689A42F7D800BF00BF1037BD46AC
:1022700080BD00BF0C00002080B584B000AF786046
:102280000023FB737B68002B01D1012333E07B68C3
:102290001B6C002B09D17868FFF730FC7B680022AB
:1022A0005A647B68002283F83C207B681B6C03F037
:1022B0001003002B18D17B681B6C23F4885323F088
:1022C000020343F002027B681A64786800F0D8FACF
:1022D0007B6800225A647B681B6C23F0030343F085
:1022E00001027B681A6401E00123FB737B68002212
:1022F00083F83C20FB7B18461037BD4680BD0000AC
:1023000080B485B000AF78600023BB607B6893F831
:102310003C30012B01D10223B2E07B68012283F81B
:102320003C207B681B689B6803F00103012B18D0DD
:102330007B681B689A687B681B6842F001029A60A0
:10234000524B1B68524AA2FB03239A0C13465B00B4
:102350001344BB6002E0BB68013BBB60BB68002B61
:10236000F9D17B681B689B6803F00103012B7AD1CC
:102370007B681B6C23F4E06323F0010343F4807259
:102380007B681A647B681B685B6803F48063002BBE
:1023900007D07B681B6C23F4405343F480527B6866
:1023A0001A647B681B6C03F48053B3F5805F06D11D
:1023B0007B685B6C23F006027B685A6402E07B68F2
:1023C00000225A647B68002283F83C20314BFB607A
:1023D0007B681B686FF022021A60FB685B6803F081
:1023E0001F03002B2AD17B681B682B4A934215D010
:1023F0007B681B68294A934205D1264B5B6803F032
:102400001F03002B0AD07B681B68254A934236D1F4
:10241000204B5B6803F01003002B30D17B681B68F6
:102420009B6803F04053002B29D17B681B689A6896
:102430007B681B6842F080429A6020E07B681B68E2
:10244000154A93421BD17B681B689B6803F040537D
:10245000002B14D17B681B689A687B681B6842F06C
:1024600080429A600BE07B681B6C43F010027B6833
:102470001A647B685B6C43F001027B685A6400233A
:1024800018461437BD465DF8047B704704000020F1
:1024900083DE1B4300230140002001400021014056
:1024A0000022014080B483B000AF78607B6893F86D
:1024B0003C30012B01D1022321E07B68012283F80B
:1024C0003C207B681B689A687B681B6822F00102CD
:1024D0009A607B681B689B6803F00103002B09D19D
:1024E0007B681B6C23F4885323F0010343F0010243
:1024F0007B681A647B68002283F83C20002318461E
:102500000C37BD465DF8047B704780B584B000AFE2
:10251000786039600023FB607B681B689B6803F46C
:102520008063B3F5806F13D17B681B689B6803F4ED
:102530008073B3F5807F0BD17B681B6C43F0200266
:102540007B681A647B68002283F83C20012363E0E7
:10255000FFF762FEF86021E03B68B3F1FF3F1DD05A
:102560003B68002B07D0FFF757FE0246FB68D31AE3
:102570003A689A4212D27B681B681B6803F0020318
:10258000022B0BD07B681B6C43F004027B681A643F
:102590007B68002283F83C2003233DE07B681B68B6
:1025A0001B6803F00203022BD6D17B681B686FF017
:1025B00012021A607B681B6C43F400727B681A6419
:1025C0007B681B689B6803F04053002B23D17B681A
:1025D0001B7E002B1FD17B681B68DB6A03F4700332
:1025E000002B06D07B681B689B6803F48063002B7C
:1025F00011D17B681B6C23F480727B681A647B6842
:102600001B6C03F48053002B05D17B681B6C43F0DB
:1026100001027B681A64002318461037BD4680BD4E
:1026200080B483B000AF78607B681B68DB6C1846B1
:102630000C37BD465DF8047B7047000080B485B060
:1026400000AF786039600023BB607B6893F83C3052
:10265000012B01D1022305E17B68012283F83C2094
:102660003B681B68092B25D97B681B68D9683B68C8
:102670001B689BB21A4613465B0013441E3B07229D
:1026800002FA03F3DA437B681B680A40DA607B686E
:102690001B68D9683B689A683B681B689BB2184600
:1026A00003465B0003441E3B9A407B681B680A4359
:1026B000DA6022E07B681B6819693B681B689BB283
:1026C0001A4613465B001344072202FA03F3DA4367
:1026D0007B681B680A401A617B681B6819693B6844
:1026E0009A683B681B689BB2184603465B0003442C
:1026F0009A407B681B680A431A613B685B68062B3B
:1027000024D87B681B68596B3B685A6813469B004A
:102710001344053B1F2202FA03F3DA437B681B686C
:102720000A405A637B681B68596B3B681B689BB205
:1027300018463B685A6813469B001344053B00FA51
:1027400003F27B681B680A435A634CE03B685B6892
:102750000C2B24D87B681B68196B3B685A6813469E
:102760009B001344233B1F2202FA03F3DA437B68E6
:102770001B680A401A637B681B68196B3B681B68FF
:102780009BB218463B685A6813469B001344233B90
:1027900000FA03F27B681B680A431A6323E07B6834
:1027A0001B68D96A3B685A6813469B001344413B37
:1027B0001F2202FA03F3DA437B681B680A40DA62DD
:1027C0007B681B68D96A3B681B689BB218463B68EC
:1027D0005A6813469B001344413B00FA03F27B689E
:1027E0001B680A43DA62224BFB607B681B68214A44
:1027F000934209D13B681B68122B05D1FB685B68CB
:1028000043F48002FB685A607B681B68194A934254
:1028100023D13B681B68102B03D03B681B68112B2E
:102820001BD1FB685B6843F40002FB685A603B689D
:102830001B68102B11D1104B1B68104AA2FB0323FD
:102840009A0C13469B0013445B00BB6002E0BB681C
:10285000013BBB60BB68002BF9D17B68002283F889
:102860003C20002318461437BD465DF8047B7047B2
:1028700000230140002001400400002083DE1B43B0
:1028800080B485B000AF7860794BFB60FB685B6813
:1028900023F44032FB685A60FB685A687B685B68C7
:1028A0001A43FB685A607B681B685A687B681B6820
:1028B00022F480725A607B681B6859687B681B69C8
:1028C0001A027B681B680A435A607B681B685A6857
:1028D0007B681B6822F040725A607B681B685968ED
:1028E0007B689A687B681B680A435A607B681B6830
:1028F0009A687B681B6822F400629A607B681B6898
:1029000099687B68DA687B681B680A439A607B6811
:102910009B6A584A934222D07B681B689A687B68FE
:102920001B6822F070629A607B681B6899687B68FC
:102930009A6A7B681B680A439A607B681B689A687E
:102940007B681B6822F040529A607B681B6899681C
:102950007B68DA6A7B681B680A439A600FE07B68D1
:102960001B689A687B681B6822F070629A607B68BB
:102970001B689A687B681B6822F040529A607B68EB
:102980001B689A687B681B6822F002029A607B6869
:102990001B6899687B681B7E5A007B681B680A432A
:1029A0009A607B6893F82030002B1BD07B681B68F3
:1029B0005A687B681B6842F400625A607B681B6837
:1029C0005A687B681B6822F460425A607B681B6807
:1029D00059687B685B6A013B5A037B681B680A4342
:1029E0005A6007E07B681B685A687B681B6822F4A2
:1029F00000625A607B681B68DA6A7B681B6822F495
:102A00007002DA627B681B68D96A7B68DB69013B0C
:102A10001A057B681B680A43DA627B681B689A6840
:102A20007B681B6822F400729A607B681B68996857
:102A30007B6893F830305A027B681B680A439A60BF
:102A40007B681B689A687B681B6822F480629A60C6
:102A50007B681B6899687B685B699A027B681B6866
:102A60000A439A6000BF1437BD465DF8047B704787
:102A7000002301400100000F80B485B000AF7860F2
:102A80007B6803F00703FB600C4BDB68BB60BA6834
:102A90004FF6FF031340BB60FB681A02BB68134389
:102AA00043F0BF6343F40033BB60044ABB68D360A8
:102AB00000BF1437BD465DF8047B704700ED00E0B1
:102AC00080B400AF044BDB681B0A03F00703184611
:102AD000BD465DF8047B704700ED00E080B483B034
:102AE00000AF0346FB7197F90730002B0BDBFB7936
:102AF00003F01F02074997F907305B09012000FA2C
:102B000002F241F8232000BF0C37BD465DF8047B7C
:102B1000704700BF00E100E080B483B000AF03461F
:102B20003960FB7197F90730002B0ADB3B68DAB29A
:102B30000C4997F907301201D2B20B4483F80023F5
:102B40000AE03B68DAB20849FB7903F00F03043B63
:102B50001201D2B20B441A7600BF0C37BD465DF8A5
:102B6000047B704700E100E000ED00E080B489B034
:102B700000AFF860B9607A60FB6803F00703FB619F
:102B8000FB69C3F10703042B28BF0423BB61FB6966
:102B90000433062B02D9FB69033B00E000237B6171
:102BA0004FF0FF32BB6902FA03F3DA43BB681A4005
:102BB0007B699A404FF0FF317B6901FA03F3D943F7
:102BC0007B680B40134318462437BD465DF8047BF1
:102BD0007047000080B582B000AF78607B68013B31
:102BE000B3F1807F01D301230FE00A4A7B68013BE8
:102BF00053600F214FF0FF30FFF78EFF054B00228F
:102C00009A60044B07221A60002318460837BD4615
:102C100080BD00BF10E000E080B582B000AF7860FA
:102C20007868FFF729FF00BF0837BD4680BD80B533
:102C300086B000AF0346B9607A60FB7300237B6106
:102C4000FFF73EFF78617A68B9687869FFF78EFF11
:102C5000024697F90F3011461846FFF75DFF00BF97
:102C60001837BD4680BD80B582B000AF0346FB710A
:102C700097F907301846FFF731FF00BF0837BD4608
:102C800080BD80B582B000AF78607868FFF7A2FFA2
:102C9000034618460837BD4680BD000080B489B0A1
:102CA00000AF7860396000237B6100233B61002323
:102CB000BB610023FB616BE10122FB6902FA03F3B4
:102CC0007B613B681B687A6913403B613A697B69A9
:102CD0009A4240F05A813B685B6803F00303012B82
:102CE00005D03B685B6803F00303022B30D17B689F
:102CF0009B68BB61FB695B00032202FA03F3DB43C1
:102D0000BA691340BB613B68DA68FB695B0002FA91
:102D100003F3BA691343BB617B68BA699A607B6845
:102D20005B68BB610122FB6902FA03F3DB43BA690A
:102D30001340BB613B685B681B0903F00102FB6940
:102D400002FA03F3BA691343BB617B68BA695A603C
:102D50003B685B6803F00303032B17D07B68DB68D9
:102D6000BB61FB695B00032202FA03F3DB43BA6930
:102D70001340BB613B689A68FB695B0002FA03F38E
:102D8000BA691343BB617B68BA69DA603B685B6808
:102D900003F00303022B23D1FB69DA087B680832B6
:102DA00053F82230BB61FB6903F007039B000F223D
:102DB00002FA03F3DB43BA691340BB613B681A694B
:102DC000FB6903F007039B0002FA03F3BA6913439C
:102DD000BB61FB69DA087B680832B96943F82210E5
:102DE0007B681B68BB61FB695B00032202FA03F38B
:102DF000DB43BA691340BB613B685B6803F00302C5
:102E0000FB695B0002FA03F3BA691343BB617B6899
:102E1000BA691A603B685B6803F44033002B00F02A
:102E2000B4800023FB60604B5B6C5F4A43F48043DB
:102E300053645D4B5B6C03F48043FB60FB685B4A4F
:102E4000FB699B08023352F82330BB61FB6903F036
:102E500003039B000F2202FA03F3DB43BA6913401A
:102E6000BB617B68524A93422BD07B68514A9342A4
:102E700025D07B68504A93421FD07B684F4A9342CB
:102E800019D07B684E4A934213D07B684D4A9342D7
:102E90000DD07B684C4A934207D07B684B4A9342E3
:102EA00001D107230EE008230CE006230AE00523E6
:102EB00008E0042306E0032304E0022302E00123E8
:102EC00000E00023FA6902F0030292009340BA691D
:102ED0001343BB613549FB699B080233BA6941F86A
:102EE00023203B4B9B68BB613B69DB43BA691340C2
:102EF000BB613B685B6803F48013002B03D0BA69A5
:102F00003B691343BB61324ABB699360304BDB685A
:102F1000BB613B69DB43BA691340BB613B685B68DB
:102F200003F40013002B03D0BA693B691343BB6160
:102F3000274ABB69D360264B5B68BB613B69DB43B7
:102F4000BA691340BB613B685B6803F40033002B34
:102F500003D0BA693B691343BB611D4ABB69536027
:102F60001B4B1B68BB613B69DB43BA691340BB6108
:102F70003B685B6803F48033002B03D0BA693B697C
:102F80001343BB61124ABB691360FB690133FB61E8
:102F9000FB690F2B7FF690AE00BF00BF2437BD4604
:102FA0005DF8047B704700BF0038024000380140E4
:102FB000000002400004024000080240000C0240F1
:102FC000001002400014024000180240001C0240A1
:102FD000003C014080B485B000AF78600B467B8038
:102FE0007B681A697B881340002B02D00123FB7396
:102FF00001E00023FB73FB7B18461437BD465DF8E8
:10300000047B704780B483B000AF78600B467B8050
:1030100013467B707B78002B03D07A887B689A619B
:1030200003E07B881A047B689A6100BF0C37BD46B9
:103030005DF8047B704780B586B002AF78607B682E
:10304000002B01D1012359E07B681B68FB607B6882
:1030500093F8D533DBB2002B06D17B68002283F8CE
:10306000D423786808F0DCFB7B68032283F8D5233F
:10307000FB68B3F1A04F02D17B6800229A717B6894
:103080001B68184605F0E9F97B6818687B681A7CAC
:103090008DF8002004330ECB05F06AF90346002BAF
:1030A00005D07B68022283F8D523012326E07B68C4
:1030B0001B680121184605F0E1F90346002B05D0F5
:1030C0007B68022283F8D523012317E07B68186808
:1030D0007B681A7C8DF8002004330ECB05F08AFB48
:1030E0000346002B05D07B68022283F8D5230123F9
:1030F00004E07B68012283F8D523002318461037AB
:10310000BD4680BD90B58BB004AF786008461146CF
:103110001A460346FB700B46BB7013467B703B8E12
:103120007B617B6893F8D433012B01D102239DE0AE
:103130007B68012283F8D423FA78796813461B014F
:103140009B1A9B000B44193300221A70FA78796895
:1031500013461B019B1A9B000B4414337A781A7098
:10316000FA78796813461B019B1A9B000B441533B0
:10317000FA781A70FA78796813461B019B1A9B003B
:103180000B44263397F82C201A70FA78BB7803F09A
:103190007F03D8B2796813461B019B1A9B000B442E
:1031A000163302461A70FB781946786800F0C8FB9F
:1031B00097F90230002B0ADAFA78796813461B0176
:1031C0009B1A9B000B44173301221A7009E0FA780E
:1031D000796813461B019B1A9B000B44173300228E
:1031E0001A707B681B68184605F068FC386197F810
:1031F0002C30012B0BD197F82830012B07D13B69DC
:10320000002B04D17B69BC2B01D9BC237B61FA78EC
:10321000796813461B019B1A9B000B44183397F8DF
:1032200028201A70FA787B6998B2796813461B01D6
:103230009B1A9B000B44283302461A807B6818684F
:103240007B699BB27C78BA78F978029397F82C3036
:10325000019397F828300093234605F057FC034666
:10326000FB737B68002283F8D423FB7B18461C3752
:10327000BD4690BD80B584B000AF78600B46FB7052
:103280000023FB737B6893F8D433012B01D1022315
:103290000FE07B68012283F8D4237B681B68FA78EF
:1032A0001146184605F0E9FF7B68002283F8D42315
:1032B000FB7B18461037BD4680BD000080B582B04C
:1032C00000AF7860084611461A460346FB700B466D
:1032D000BB7013467B70FA78796813461B019B1A02
:1032E0009B000B441733BA781A70FA787968134642
:1032F0001B019B1A9B000B4426337A781A703B7C87
:10330000002B14D1FA78796813461B019B1A9B0095
:103310000B442A3303221A70FA78796813461B018A
:103320009B1A9B000B4419333A7F1A7009E0FA7814
:10333000796813461B019B1A9B000B442A33022217
:103340001A707B78032B00F2028101A252F823F05D
:10335000613300083935000825340008AF3400080F
:103360003B7C012B40F0F580BB78002B2DD13B8BB3
:10337000002B09D1FA78796813461B019B1A9B0030
:103380000B443D3301221A70FA78796813461B0109
:103390009B1A9B000B443D331B78002B0AD1FA7813
:1033A000796813461B019B1A9B000B442A330022A9
:1033B0001A70CEE0FA78796813461B019B1A9B00BD
:1033C0000B442A3302221A70C3E0FA787968134654
:1033D0001B019B1A9B000B441A331B78012B40F0F6
:1033E000B880FA78796813461B019B1A9B000B443E
:1033F0003C331B78002B0AD1FA78796813461B01FD
:103400009B1A9B000B442A3300221A70A1E0FA7821
:10341000796813461B019B1A9B000B442A33022236
:103420001A7096E0BB78002B20D1FA7879681346A1
:103430001B019B1A9B000B443D331B78002B0AD1C8
:10344000FA78796813461B019B1A9B000B442A33B8
:1034500000221A707EE0FA78796813461B019B1AE5
:103460009B000B442A3302221A7073E0FA787968C1
:1034700013461B019B1A9B000B443C331B78002B0B
:103480000AD1FA78796813461B019B1A9B000B44FA
:103490002A3300221A705DE0FA78796813461B011E
:1034A0009B1A9B000B442A3302221A7052E0BB780D
:1034B000002B20D1FA78796813461B019B1A9B00D8
:1034C0000B443D331B78002B0AD1FA7879681346F8
:1034D0001B019B1A9B000B442A3300221A7039E00F
:1034E000FA78796813461B019B1A9B000B442A3318
:1034F00002221A702EE0FA78796813461B019B1A93
:103500009B000B443C331B78002B0AD1FA78796876
:1035100013461B019B1A9B000B442A3300221A708E
:1035200018E0FA78796813461B019B1A9B000B443C
:103530002A3302221A700DE0FA78796813461B01CB
:103540009B1A9B000B442A3300221A7002E000BF32
:1035500000E000BFFA78796813461B019B1A9B00B4
:103560000B442C337A691A60FA78398B78681346E1
:103570001B019B1A9B00034434331960FA78796865
:1035800013461B019B1A9B000B444C3300221A70FC
:10359000FA78796813461B019B1A9B000B44383359
:1035A00000221A60FA78796813461B019B1A9B0067
:1035B0000B441533FA781A70FA78796813461B01B0
:1035C0009B1A9B000B444D3300221A707B681868CD
:1035D000FA7813461B019B1A9B0010337A68134438
:1035E000191D7B689B791A4605F0BCFB03461846FB
:1035F0000837BD4680BD00BF80B586B000AF78609B
:103600007B681B683B613B69FB607B681B681846F5
:1036100005F0AAF80346012B40F0FB807B681B688D
:10362000184605F06DF80346002B00F0F1807B682A
:103630001B68184605F064F8034603F40013B3F55D
:10364000001F04D17B681B684FF400125A617B682D
:103650001B68184605F054F8034603F48013B3F5CD
:10366000801F04D17B681B684FF480125A617B680D
:103670001B68184605F044F8034603F08063B3F175
:10368000806F04D17B681B684FF080625A617B6851
:103690001B68184605F034F8034603F00203022BBA
:1036A00003D17B681B6802225A617B681B6818463D
:1036B00005F026F8034603F00053B3F1005F20D174
:1036C0007B681B684FF000525A61FB6803F5886302
:1036D0001B6803F00103002B13D11021386904F09B
:1036E00019FF386904F048FF7B685B7A022B05D12B
:1036F0007B681B680121184605F040F9786808F0DE
:103700000DF97B681B68184604F0FAFF034603F0C6
:103710008073B3F1807F02D1786801F04DFD7B6842
:103720001B68184604F0ECFF034603F00803082B5F
:1037300006D1786808F0D6F87B681B6808225A61C1
:103740007B681B68184604F0DBFF034603F0007338
:10375000B3F1007F39D17B681B68184605F07CFD0A
:10376000B86000237B6125E07B6903F00F03BA6832
:1037700022FA03F303F00103002B18D07B695A01EE
:10378000FB68134403F5A0631B6803F40043B3F51F
:10379000004F06D17B69DBB21946786800F005F965
:1037A00005E07B69DBB21946786800F067FF7B694A
:1037B00001337B617B685B791A467B699342D3D383
:1037C0007B681B684FF000725A617B681B68184663
:1037D00004F096FF034603F01003102B01D10123E0
:1037E00000E00023002B14D07B681B689A697B687B
:1037F0001B6822F010029A61786801F0FEFB7B687A
:103800001B689A697B681B6842F010029A6100E0AD
:1038100000BF1837BD4680BD80B582B000AF78606C
:103820007B6893F8D433012B01D1022313E07B682A
:10383000012283F8D4237B681B680121184605F018
:1038400004F97B681B68184604F0F6FD7B680022CB
:1038500083F8D423002318460837BD4680BD80B5C1
:1038600082B000AF78607B6893F8D433012B01D12C
:1038700002230DE07B68012283F8D4237B681B6858
:10388000184605F057FE7B68002283F8D4230023F6
:1038900018460837BD4680BD80B582B000AF78605D
:1038A0007B681B68184605F0A6F8034618460837DB
:1038B000BD4680BD80B483B000AF78600B46FB701E
:1038C000FA78796813461B019B1A9B000B444C3312
:1038D0001B7818460C37BD465DF8047B704780B4F2
:1038E00083B000AF78600B46FB70FA7879681346B6
:1038F0001B019B1A9B000B4438331B6818460C377E
:10390000BD465DF8047B704780B582B000AF78603B
:103910007B681B68184605F0E8F803461846083728
:10392000BD4680BD80B582B000AF78607B681B6803
:10393000184605F0C3F8034618460837BD4680BD53
:1039400080B483B000AF78600B46FB70FA7879687A
:1039500013461B019B1A9B000B441A3300221A705A
:10396000FA78796813461B019B1A9B000B441B33A2
:1039700000221A70FA78796813461B019B1A9B0083
:103980000B44253300221A70FA78796813461B011C
:103990009B1A9B000B44243300221A700023184604
:1039A0000C37BD465DF8047B704780B586B000AF2C
:1039B00078600B46FB707B681B687B617B693B61B1
:1039C0007B681B68FA781146184604F0ACFE034683
:1039D00003F00403042B1AD1FB785A013B6913440A
:1039E00003F5A0631A4604239360FA7879681346B6
:1039F0001B019B1A9B000B444D3307221A707B68F6
:103A00001B68FA781146184605F037FC9EE07B6883
:103A10001B68FA781146184604F085FE034603F445
:103A20008073B3F5807F1BD1FB785A013B69134447
:103A300003F5A0631A464FF480739360FA787968AF
:103A400013461B019B1A9B000B444D3308221A702E
:103A50007B681B68FA781146184605F00EFC75E085
:103A60007B681B68FA781146184604F05CFE034632
:103A700003F00803082B1AD1FB785A013B69134461
:103A800003F5A0631A4608239360FA787968134611
:103A90001B019B1A9B000B444D3306221A707B6856
:103AA0001B68FA781146184605F0E7FB4EE07B6884
:103AB0001B68FA781146184604F035FE034603F4F5
:103AC0008063B3F5806F1BD1FB785A013B691344C7
:103AD00003F5A0631A464FF480639360FA7879681F
:103AE00013461B019B1A9B000B444D3309221A708D
:103AF0007B681B68FA781146184605F0BEFB25E086
:103B00007B681B68FA781146184604F00CFE0346E1
:103B100003F08003802B19D1FB785A013B691344D1
:103B200003F5A0631A4680239360FA7879681346F8
:103B30001B019B1A9B000B444D3307221A707B68B4
:103B40001B68FA781146184605F097FB7B681B68DE
:103B5000FA781146184604F0E6FD034603F40073B4
:103B6000B3F5007F12D17B681B68FA7811461846BE
:103B700005F083FBFB785A013B69134403F5A0630E
:103B80001A464FF40073936000F075BD7B681B68A4
:103B9000FA781146184604F0C6FD034603F0010307
:103BA000012B40F02881FB785A013B69134403F54F
:103BB000A0631A4620239360FA78796813461B01A4
:103BC0009B1A9B000B441B331B78012B19D1FA78ED
:103BD000796813461B019B1A9B000B441B33002280
:103BE0001A70FB785A013B69134403F5A0635B68C4
:103BF000FA7851013A690A4402F5A06223F480334D
:103C000053607B689B79002B1BD0FA787968134648
:103C10001B019B1A9B000B4430331968FB785A0137
:103C20003B69134403F5A0631B69C3F31203FA78DD
:103C3000C91A786813461B019B1A9B00034438334A
:103C40001960FA78796813461B019B1A9B000B4494
:103C50004D3301221A70FA78796813461B019B1ABA
:103C60009B000B44443300221A60FB785A013B69E5
:103C7000134403F5A0631A4601239360FA78796828
:103C800013461B019B1A9B000B4426331B78002B09
:103C90000AD0FA78796813461B019B1A9B000B44E3
:103CA00026331B78022B10D17B681B68FA781146EB
:103CB000184605F0E2FAFB785A013B69134403F514
:103CC000A0631A46102393603DE0FA7879681346A2
:103CD0001B019B1A9B000B4426331B78032B0AD035
:103CE000FA78796813461B019B1A9B000B44263314
:103CF0001B78012B27D1FB785A013B69134403F54C
:103D0000A0631B68FA7851013A690A4402F5A0627F
:103D100043F000531360FA78796813461B019B1A2D
:103D20009B000B444C3301221A70FA7879681346D1
:103D30001B019B1A9B000B444C331A78FB781946E5
:103D4000786807F0F9FD7B689B79012B3BD1FA7805
:103D5000796813461B019B1A9B000B443833196882
:103D6000FA78786813461B019B1A9B00034428339A
:103D70001B880B44591EFA78786813461B019B1A5E
:103D80009B00034428331B88B1FBF3F303F00103CA
:103D9000002B00F07084FA78796813461B019B1A97
:103DA0009B000B443C331B78FA7883F00103D8B2B4
:103DB000796813461B019B1A9B000B443C33024657
:103DC0001A7000F058BCFA78796813461B019B1AE8
:103DD0009B000B443C331B78FA7883F00103D8B284
:103DE000796813461B019B1A9B000B443C33024627
:103DF0001A7000F040BC7B681B68FA7811461846C0
:103E000004F091FC034603F02003202B31D1FB7812
:103E10005A013B69134403F5A0631A4620239360BB
:103E2000FA78796813461B019B1A9B000B441A33DE
:103E30001B78012B40F01F84FA78796813461B0128
:103E40009B1A9B000B441B3301221A70FA78796885
:103E500013461B019B1A9B000B444D3303221A701F
:103E60007B681B68FA781146184605F006FA00F0E0
:103E700002BC7B681B68FA781146184604F053FCB4
:103E8000034603F00203022B40F00583FB785A013E
:103E90003B69134403F5A0631A4602239360FA7842
:103EA000796813461B019B1A9B000B444D331B780A
:103EB000012B14D1FA78796813461B019B1A9B00D9
:103EC0000B444D3302221A70FA78796813461B01AD
:103ED0009B1A9B000B444C3301221A70CCE2FA78F7
:103EE000796813461B019B1A9B000B444D331B78CA
:103EF000062B14D1FA78796813461B019B1A9B0094
:103F00000B444D3302221A70FA78796813461B016C
:103F10009B1A9B000B444C3305221A70ACE2FA78D2
:103F2000796813461B019B1A9B000B444D331B7889
:103F3000072B0BD0FA78796813461B019B1A9B005C
:103F40000B444D331B78092B40F0A680FA78796832
:103F500013461B019B1A9B000B444D3302221A701F
:103F6000FA78796813461B019B1A9B000B44443373
:103F70001B68591C786813461B019B1A9B0003445D
:103F800044331960FA78796813461B019B1A9B0029
:103F90000B4444331B68022B43D9FA7879681346E3
:103FA0001B019B1A9B000B44443300221A60FA78D1
:103FB000796813461B019B1A9B000B441A331B782C
:103FC000012B23D1FA78796813461B019B1A9B00B9
:103FD0000B441B3300221A70FA78796813461B01D0
:103FE0009B1A9B000B441C3300221A70FB785A0169
:103FF0003B69134403F5A0635B68FA7851013A69A1
:104000000A4402F5A06223F480335360FA78796899
:1040100013461B019B1A9B000B444C3304221A705D
:1040200029E2FA78796813461B019B1A9B000B441E
:104030004C3302221A70FA78796813461B019B1AD6
:104040009B000B4426331B78002B0BD0FA78796841
:1040500013461B019B1A9B000B4426331B78022B33
:1040600040F00982FB785A013B69134403F5A063D1
:104070001B68FB60FB6823F08043FB60FB6843F038
:104080000043FB60FB785A013B69134403F5A063CE
:104090001A46FB681360EEE1FA78796813461B0153
:1040A0009B1A9B000B444D331B78052B40F0C880B6
:1040B000FA78796813461B019B1A9B000B444D3319
:1040C00002221A70FA78796813461B019B1A9B002A
:1040D0000B441B331B78012B40F0CE81FA787968B2
:1040E00013461B019B1A9B000B4426331B78032BA2
:1040F0006BD1FA78796813461B019B1A9B000B441D
:1041000048331B68591C786813461B019B1A9B0097
:10411000034448331960FA78796813461B019B1AE7
:104120009B000B4448331B68022B43D9FA7879680B
:1041300013461B019B1A9B000B44483300221A6054
:10414000FA78796813461B019B1A9B000B441B33BA
:1041500000221A70FA78796813461B019B1A9B009B
:104160000B4444331B68022B09D8FA78796813464C
:104170001B019B1A9B000B441C3301221A70FB7815
:104180005A013B69134403F5A0635B68FA78510157
:104190003A690A4402F5A06223F480335360FA7846
:1041A000796813461B019B1A9B000B444C33042275
:1041B0001A7014E0FA78796813461B019B1A9B0069
:1041C0000B444C3302221A7009E0FA7879681346DE
:1041D0001B019B1A9B000B444C3302221A70FA7885
:1041E000796813461B019B1A9B000B4426331B78EE
:1041F000002B0BD0FA78796813461B019B1A9B00A1
:104200000B4426331B78022B40F03681FB785A0191
:104210003B69134403F5A0631B68FB60FB6823F054
:104220008043FB60FB6843F00043FB60FB785A016E
:104230003B69134403F5A0631A46FB6813601BE156
:10424000FA78796813461B019B1A9B000B444D3387
:104250001B78032B40F08180FA78796813461B01A4
:104260009B1A9B000B444D3302221A70FA7879682E
:1042700013461B019B1A9B000B441B331B78012B1D
:1042800040F0FA80FA78796813461B019B1A9B006C
:104290000B444C3302221A70FB785A013B691344D9
:1042A00003F5A0635B68FA7851013A690A4402F5A4
:1042B000A06243F480335360FB785A013B69134496
:1042C00003F5A063DB68FA7851013A690A4402F504
:1042D000A06243F04003D360FB785A013B6913446A
:1042E00003F5A063DB68FA7851013A690A4402F5E4
:1042F000A06223F02003D360FA78796813461B018B
:104300009B1A9B000B4426331B78002B0BD0FA78AA
:10431000796813461B019B1A9B000B4426331B78BC
:10432000022B40F0A980FB785A013B69134403F546
:10433000A0631B68FB60FB6823F08043FB60FB68A5
:1043400043F00043FB60FB785A013B69134403F5DB
:10435000A0631A46FB6813608EE0FA78796813460A
:104360001B019B1A9B000B444D331B78042B43D13C
:10437000FA78796813461B019B1A9B000B444D3356
:1043800002221A70FA78796813461B019B1A9B0067
:104390000B444C3302221A70FA78796813461B01D9
:1043A0009B1A9B000B4426331B78002B0AD0FA780B
:1043B000796813461B019B1A9B000B4426331B781C
:1043C000022B59D1FB785A013B69134403F5A063D2
:1043D0001B68FB60FB6823F08043FB60FB6843F0D5
:1043E0000043FB60FB785A013B69134403F5A0636B
:1043F0001A46FB6813603FE0FA78796813461B01A0
:104400009B1A9B000B444D331B78082B26D1FA785E
:10441000796813461B019B1A9B000B444D33022203
:104420001A70FA78796813461B019B1A9B000B449B
:1044300044331B68591C786813461B019B1A9B0068
:10444000034444331960FA78796813461B019B1AB8
:104450009B000B444C3304221A700DE0FA78796803
:1044600013461B019B1A9B000B444D331B78022BF8
:1044700000F0008100E000BFFA78796813461B0164
:104480009B1A9B000B444C331A78FB7819467868CA
:1044900007F052FAEFE07B681B68FA78114618467D
:1044A00004F041F9034603F04003402B2FD1FB7881
:1044B0005A013B69134403F5A0631A4640239360F5
:1044C000FA78796813461B019B1A9B000B444D3305
:1044D00005221A70FA78796813461B019B1A9B0013
:1044E0000B441A331B78002B09D1FA7879681346EC
:1044F0001B019B1A9B000B44443300221A607B680B
:104500001B68FA781146184604F0B7FEB3E07B68E2
:104510001B68FA781146184604F005F9034603F0C3
:104520001003102B40F0A780FA78796813461B011E
:104530009B1A9B000B4426331B78032B1BD1FA7864
:10454000796813461B019B1A9B000B4444330022DD
:104550001A60FA78796813461B019B1A9B000B447A
:104560004D3304221A707B681B68FA78114618468E
:1045700004F083FE3FE0FA78796813461B019B1A2A
:104580009B000B4426331B78002B0AD0FA787968FD
:1045900013461B019B1A9B000B4426331B78022BEE
:1045A00029D1FA78796813461B019B1A9B000B44AA
:1045B000443300221A607B689B79002B0AD0FA787A
:1045C000796813461B019B1A9B000B441B331B7815
:1045D000012B10D1FA78796813461B019B1A9B00B6
:1045E0000B444D3304221A707B681B68FA7811461D
:1045F000184604F042FEFA78796813461B019B1AAC
:104600009B000B441B331B78012B29D1FA78796866
:1046100013461B019B1A9B000B441B3300221A708C
:10462000FB785A013B69134403F5A0635B68FA7891
:1046300051013A690A4402F5A06223F480335360C1
:10464000FB785A013B69134403F5A063DB68FA78F1
:1046500051013A690A4402F5A06243F02003D36095
:10466000FB785A013B69134403F5A0631A461023F3
:10467000936000E000BF1837BD4680BD80B586B0AE
:1046800000AF78600B46FB707B681B687B617B69C1
:104690003B617B681B68FA781146184604F043F8C2
:1046A000034603F00403042B1BD1FB785A013B693A
:1046B000134403F5A0631A4604239360FA787968DB
:1046C00013461B019B1A9B000B444D3307221A70A3
:1046D0007B681B68FA781146184604F0CEFD00F09E
:1046E00089BC7B681B68FA781146184604F01BF8F1
:1046F000034603F02003202B40F08280FB785A0110
:104700003B69134403F5A0631A4620239360FA78AB
:10471000796813461B019B1A9B000B4419331B78C5
:10472000012B24D1FA78796813461B019B1A9B0050
:104730000B44193300221A70FA78796813461B016A
:104740009B1A9B000B444C3302221A70FA7879684A
:1047500013461B019B1A9B000B444D3303221A7016
:104760007B681B68FA781146184604F086FDFA78D3
:10477000796813461B019B1A9B000B441A331B7864
:10478000012B40F03784FA78796813461B019B1A95
:104790009B000B441B331B78002B40F02B84FA78D2
:1047A000796813461B019B1A9B000B4426331B7828
:1047B000012B09D0FA78796813461B019B1A9B00DC
:1047C0000B441B3301221A70FA78796813461B01D7
:1047D0009B1A9B000B444D3303221A707B681B68A5
:1047E000FA781146184604F048FDFA7879681346BD
:1047F0001B019B1A9B000B44443300221A60F9E30F
:104800007B681B68FA781146184603F08CFF034654
:1048100003F40073B3F5007F11D1FB785A013B69B3
:10482000134403F5A0631A464FF4007393607B684A
:104830001B68FA781146184604F01FFDDAE37B681E
:104840001B68FA781146184603F06DFF034603F023
:104850000103012B68D1FA78796813461B019B1A72
:104860009B000B44443300221A607B681B68FA7873
:104870001146184603F057FF034603F04003402B50
:1048800012D1FA78796813461B019B1A9B000B44DE
:10489000193301221A70FB785A013B69134403F55E
:1048A000A0631A4640239360FA78796813461B0187
:1048B0009B1A9B000B441B331B78002B19D0FA78F2
:1048C000796813461B019B1A9B000B441B33002283
:1048D0001A70FB785A013B69134403F5A0635B68C7
:1048E000FA7851013A690A4402F5A06223F4803350
:1048F0005360FB785A013B69134403F5A0631A46E1
:1049000001239360FA78796813461B019B1A9B0078
:104910000B444D3301221A707B681B68FA781146EC
:10492000184604F0AAFC65E37B681B68FA78114618
:10493000184603F0F8FE034603F04003402B39D13C
:10494000FA78796813461B019B1A9B000B444D3380
:1049500005221A70FA78796813461B019B1A9B008E
:104960000B441A331B78002B09D1FA787968134667
:104970001B019B1A9B000B44193301221A70FA7811
:10498000796813461B019B1A9B000B444433002299
:104990001A607B681B68FA781146184604F06DFCB3
:1049A000FB785A013B69134403F5A0631A46402380
:1049B00093601FE37B681B68FA781146184603F082
:1049C000B2FE034603F00803082B1AD1FB785A0104
:1049D0003B69134403F5A0631A4608239360FA78F1
:1049E000796813461B019B1A9B000B444D3306222A
:1049F0001A707B681B68FA781146184604F03DFC73
:104A0000F8E27B681B68FA781146184603F08BFEC3
:104A1000034603F01003102B44D1FA78796813464B
:104A20001B019B1A9B000B44443300221A60FA7846
:104A3000796813461B019B1A9B000B444D330422DB
:104A40001A70FA78796813461B019B1A9B000B4475
:104A500019331B78002B14D1FA78796813461B019F
:104A60009B1A9B000B4418331B78002B09D1FA7852
:104A7000796813461B019B1A9B000B4419330122D2
:104A80001A707B681B68FA781146184604F0F5FB2B
:104A9000FB785A013B69134403F5A0631A461023BF
:104AA0009360A7E27B681B68FA781146184603F00A
:104AB0003AFE034603F08003802B40F083807B683E
:104AC0009B79002B11D1FA78796813461B019B1A48
:104AD0009B000B444D3307221A707B681B68FA78E1
:104AE0001146184604F0C9FB62E0FA78796813466B
:104AF0001B019B1A9B000B4444331B68591C7868AC
:104B000013461B019B1A9B00034444331960FA7837
:104B1000796813461B019B1A9B000B4444331B68A6
:104B2000022B22D9FA78796813461B019B1A9B0045
:104B30000B44443300221A60FA78796813461B014B
:104B40009B1A9B000B444C3304221A70FA78796844
:104B500013461B019B1A9B000B444C331A78FB78BD
:104B60001946786806F0E8FE22E0FA78796813467C
:104B70001B019B1A9B000B444C3302221A70FB78DA
:104B80005A013B69134403F5A0631B68FB60FB6893
:104B900023F08043FB60FB6843F00043FB60FB783D
:104BA0005A013B69134403F5A0631A46FB6813607E
:104BB000FB785A013B69134403F5A0631A4680232E
:104BC000936017E27B681B68FA781146184603F079
:104BD000AAFD034603F48063B3F5806F1BD1FA7816
:104BE000796813461B019B1A9B000B444D33092225
:104BF0001A707B681B68FA781146184604F03DFB72
:104C0000FB785A013B69134403F5A0631A464FF43D
:104C100080639360EEE17B681B68FA781146184662
:104C200003F081FD034603F00203022B40F0DF8115
:104C3000FB785A013B69134403F5A0631A4602232B
:104C40009360FA78796813461B019B1A9B000B440A
:104C50004D331B78012B40F09380FA787968134626
:104C60001B019B1A9B000B444D3302221A70FA78E9
:104C7000796813461B019B1A9B000B444C3301229D
:104C80001A70FA78796813461B019B1A9B000B4433
:104C900026331B78022B0BD0FA78796813461B0158
:104CA0009B1A9B000B4426331B78032B40F090810A
:104CB0007B689B79002B15D1FA78796813461B0124
:104CC0009B1A9B000B443D331B78FA7883F0010359
:104CD000D8B2796813461B019B1A9B000B443D33E5
:104CE00002461A707B689B79012B40F07181FA783B
:104CF000796813461B019B1A9B000B4434331B68D5
:104D0000002B00F06581FA78796813461B019B1A25
:104D10009B000B4434331968FA78786813461B01FA
:104D20009B1A9B00034428331B880B44591EFA78B6
:104D3000786813461B019B1A9B00034428331B8889
:104D4000B1FBF3F3BB60BB6803F00103002B00F081
:104D50003F81FA78796813461B019B1A9B000B442C
:104D60003D331B78FA7883F00103D8B27968134693
:104D70001B019B1A9B000B443D3302461A7027E12E
:104D8000FA78796813461B019B1A9B000B444D333C
:104D90001B78032B20D1FA78796813461B019B1AE4
:104DA0009B000B444D3302221A70FA78796813463F
:104DB0001B019B1A9B000B441B331B78012B40F0FB
:104DC0000781FA78796813461B019B1A9B000B44F4
:104DD0004C3302221A70FBE0FA78796813461B0103
:104DE0009B1A9B000B444D331B78042B3AD1FA7865
:104DF000796813461B019B1A9B000B444D3302221A
:104E00001A70FA78796813461B019B1A9B000B44B1
:104E10004C3302221A70FA78796813461B019B1AE8
:104E20009B000B441B331B78012B40F0D180FA7898
:104E3000796813461B019B1A9B000B441B3300220D
:104E40001A70FB785A013B69134403F5A0635B6851
:104E5000FA7851013A690A4402F5A06223F48033DA
:104E60005360B5E0FA78796813461B019B1A9B00E2
:104E70000B444D331B78052B14D1FA78796813460F
:104E80001B019B1A9B000B444D3302221A70FA78C7
:104E9000796813461B019B1A9B000B444C3302227A
:104EA0001A7095E0FA78796813461B019B1A9B00EB
:104EB0000B444D331B78062B14D1FA7879681346CE
:104EC0001B019B1A9B000B444D3302221A70FA7887
:104ED000796813461B019B1A9B000B444C33052237
:104EE0001A7075E0FA78796813461B019B1A9B00CB
:104EF0000B444D331B78072B0AD0FA787968134698
:104F00001B019B1A9B000B444D331B78092B70D15E
:104F1000FA78796813461B019B1A9B000B444D33AA
:104F200002221A70FA78796813461B019B1A9B00BB
:104F30000B4444331B68591C786813461B019B1AA9
:104F40009B00034444331960FA78796813461B01C7
:104F50009B1A9B000B4444331B68022B14D9FA782C
:104F6000796813461B019B1A9B000B4444330022B3
:104F70001A60FA78796813461B019B1A9B000B4450
:104F80004C3304221A7022E0FA78796813461B0128
:104F90009B1A9B000B444C3302221A70FB785A0177
:104FA0003B69134403F5A0631B68FB60FB6823F0B7
:104FB0008043FB60FB6843F00043FB60FB785A01D1
:104FC0003B69134403F5A0631A46FB68136000BFF6
:104FD000FA78796813461B019B1A9B000B444C33EB
:104FE0001A78FB781946786806F0A6FC02E000BF44
:104FF00000E000BF1837BD4680BD80B58AB000AF65
:1050000078607B681B687B627B6A3B627B681B689D
:105010001B6AFB61FB6903F00F03BB61FB695B0C5F
:1050200003F00F037B61FB691B09C3F30A033B61B8
:105030007B69022B04D07B69052B00F0B680B7E0BA
:105040003B69002B00F0B3807968BA6913461B01F5
:105050009B1A9B000B442C331B68002B00F0A7808D
:105060007968BA6913461B019B1A9B000B443833BD
:105070001A683B69D1187868BA6913461B019B1AF4
:105080009B00034434331B68994200F283807B68A1
:1050900018687968BA6913461B019B1A9B000B4478
:1050A0002C331B683A6992B2194603F0D1FA796839
:1050B000BA6913461B019B1A9B000B442C331A68D8
:1050C0003B69D1187868BA6913461B019B1A9B008B
:1050D00003442C3319607968BA6913461B019B1A83
:1050E0009B000B4438331A683B69D1187868BA6959
:1050F00013461B019B1A9B00034438331960BB699C
:105100005A013B6A134403F5A0631B69DB0CC3F32C
:105110000903FB607968BA6913461B019B1A9B005F
:105120000B4428331B881A463B6993423FD1FB68E6
:10513000002B3CD0BB695A013B6A134403F5A063C2
:105140001B68BB60BB6823F08043BB60BB6843F057
:105150000043BB60BB695A013B6A134403F5A0637B
:105160001A46BB6813607968BA6913461B019B1A1B
:105170009B000B443C331B7883F00103D8B2796861
:10518000BA6913461B019B1A9B000B443C33024631
:105190001A700CE07968BA6913461B019B1A9B00D0
:1051A0000B444C3304221A7001E000BF00E000BF42
:1051B00000BF2837BD4680BD80B586B000AF78609F
:1051C0007B681B687B617B693B613B6903F5886396
:1051D0001B68FB603B6903F588631B68BB60BB68A9
:1051E00023F02E03BB60FB6803F00203022B0BD1FC
:1051F000FB6803F00103012B02D1786806F080FB05
:10520000BB6843F00203BB60FB6803F00803082B94
:1052100032D1BB6843F00803BB60FB6803F00403B2
:10522000042B26D17B685B7A022B13D1FB6803F435
:10523000C023B3F5802F06D17B681B680221184676
:1052400003F09CFB11E07B681B680121184603F00A
:1052500095FB0AE07B68DB79012B06D13B6903F5FE
:1052600080631A464EF660235360786806F072FB3E
:1052700002E0786806F07CFBFB6803F02003202B3B
:1052800003D1BB6843F02003BB603B6903F588632F
:105290001A46BB68136000BF1837BD4680BD0000CA
:1052A00080B584B000AF78607B68002B01D101230A
:1052B0002BE17B6893F83D30DBB2002B06D17B6895
:1052C000002283F83C207868FCF75CFC7B68242291
:1052D00083F83D207B681B681A687B681B6822F096
:1052E00001021A607B681B681A687B681B6842F4BD
:1052F00000421A607B681B681A687B681B6822F48E
:1053000000421A6001F07AFDF8607B685B68814AB0
:10531000934207D8FB68804A934294BF012300233D
:10532000DBB206E0FB687D4A934294BF0123002371
:10533000DBB2002B01D00123E7E0FB68784AA2FB37
:1053400003239B0CBB607B681B685B6823F03F01F9
:105350007B681B68BA680A435A607B681B681B6AD3
:1053600023F03F017B685B686A4A934202D8BB68BE
:10537000013309E0BB684FF4967202FB03F3694AFC
:10538000A2FB03239B0901337A6812680B43136263
:105390007B681B68DB6923F44F4222F0FF027B68C5
:1053A0005B685C498B4219D8FB68591E7B685B6857
:1053B0005B00B1FBF3F3591C40F6FC730B40002B70
:1053C0000AD0FB68591E7B685B685B00B1FBF3F396
:1053D0000133C3F30B0351E004234FE07B689B6868
:1053E000002B11D1FB68581E7B6859680B465B0087
:1053F0000B44B0FBF3F30133C3F30B03002B0CBFDF
:1054000001230023DBB212E0FB68581E7B68596859
:105410000B469B000B4499000B44B0FBF3F30133A4
:10542000C3F30B03002B0CBF01230023DBB2002BC3
:1054300001D0012322E07B689B68002B0ED1FB6822
:10544000581E7B6859680B465B000B44B0FBF3F3B6
:105450000133C3F30B0343F400430FE0FB68581E12
:105460007B6859680B469B000B4499000B44B0FBCA
:10547000F3F30133C3F30B0343F440437968096842
:105480001343CB617B681B681B6823F0C0017B68FA
:10549000DA697B681B6A1A437B681B680A431A60D7
:1054A0007B681B689B6823F4034323F0FF037A683F
:1054B00011697A68D26811437A6812680B43936065
:1054C0007B681B68DB6823F0FF017B685A697B6897
:1054D0009B691A437B681B680A43DA607B681B6818
:1054E0001A687B681B6842F001021A607B68002220
:1054F0001A647B68202283F83D207B6800221A63AF
:105500007B68002283F83E20002318461037BD46F2
:1055100080BD00BFA08601007F841E00FF083D0003
:1055200083DE1B43D34D621080B588B002AFF860B4
:105530007A601A460B467B8113463B81FCF76CFE72
:105540007861FB6893F83D30DBB2202B40F0E080BF
:105550007B690093192301227049F86800F064F90F
:105560000346002B01D00223D3E0FB6893F83C30C4
:10557000012B01D10223CCE0FB68012283F83C20FF
:10558000FB681B681B6803F00103012B07D0FB6855
:105590001B681A68FB681B6842F001021A60FB680E
:1055A0001B681A68FB681B6822F400621A60FB68BB
:1055B000212283F83D20FB68102283F83E20FB68FF
:1055C00000221A64FB687A685A62FB683A895A8535
:1055D000FB685B8D9AB2FB681A85FB68504ADA62F9
:1055E00079897B693A6AF86800F09CF80346002BD9
:1055F00001D001238DE000233B61FB681B685B69E0
:105600003B61FB681B689B693B613B6966E07A69AB
:10561000396AF86800F022FA0346002B0DD0FB68C7
:105620001B6C042B07D1FB681B681A68FB681B689E
:1056300042F400721A6001236BE0FB685B6A1A781F
:10564000FB681B681A61FB685B6A5A1CFB685A623C
:10565000FB685B8D9BB2013B9AB2FB685A85FB6885
:105660001B8D013B9AB2FB681A85FB681B685B695E
:1056700003F00403042B1BD1FB681B8D002B17D0F8
:10568000FB685B6A1A78FB681B681A61FB685B6AD7
:105690005A1CFB685A62FB685B8D9BB2013B9AB255
:1056A000FB685A85FB681B8D013B9AB2FB681A8523
:1056B0007A69396AF86800F019FA0346002B0DD0B0
:1056C000FB681B6C042B07D1FB681B681A68FB681E
:1056D0001B6842F400721A6001231AE0FB681B8DFC
:1056E000002B94D1FB681B681A68FB681B6842F4A6
:1056F00000721A60FB68202283F83D20FB680022BC
:1057000083F83E20FB68002283F83C20002300E061
:10571000022318461837BD4680BD00BF02001000A6
:105720000000FFFF80B588B002AFF8607A603B6090
:105730000B467B81FB68DB6A7B617B69082B06D0AB
:105740007B69012B03D07B6913F5803F08D1FB688F
:105750001B681A68FB681B6842F480721A600BE0D1
:10576000FB681B6B122B07D1FB681B681A68FB6870
:105770001B6842F480721A603B6800937B680022C9
:105780004FF00111F86800F04FF80346002B0DD0E0
:10579000FB681B681B6803F48073B3F5807F03D13B
:1057A000FB684FF400721A64032335E0FB681B6941
:1057B000B3F5804F08D17B89DBB21A46FB681B68C2
:1057C00002F0FE021A611BE07B89DB11DBB203F001
:1057D0000603DBB263F00F03DAB2FB681B681A61E1
:1057E0003B687A680E49F86800F098F80346002B89
:1057F00001D0012310E07B89DAB2FB681B681A61D3
:105800003B687A680749F86800F088F80346002B7F
:1058100001D0012300E0002318461837BD4680BDA3
:10582000080001000200010080B584B000AFF860FC
:10583000B9603B601346FB7148E03B68B3F1FF3F42
:1058400044D0FCF7E9FC0246BB69D31A3A689A4295
:1058500002D33B68002B39D1BB681B0CDBB2012B98
:105860000DD1FB681B685B69DA43BB6813409BB2D0
:10587000002B0CBF01230023DBB21A460CE0FB68AF
:105880001B689B69DA43BB6813409BB2002B0CBFBB
:1058900001230023DBB21A46FB799A4216D1FB683A
:1058A00000221A63FB68202283F83D20FB68002257
:1058B00083F83E20FB681B6C43F02002FB681A64EF
:1058C000FB68002283F83C20012323E0BB681B0C0B
:1058D000DBB2012B0DD1FB681B685B69DA43BB6847
:1058E00013409BB2002B0CBF01230023DBB21A46EE
:1058F0000CE0FB681B689B69DA43BB6813409BB2F2
:10590000002B0CBF01230023DBB21A46FB799A421D
:1059100093D0002318461037BD4680BD80B584B0B3
:1059200000AFF860B9607A603B6071E0FB681B68AB
:105930005B6903F48063B3F5806F23D1FB681B6858
:105940001A68FB681B6842F400721A60FB681B68E7
:105950006FF480625A61FB6800221A63FB682022A0
:1059600083F83D20FB68002283F83E20FB681B6C17
:1059700043F00402FB681A64FB68002283F83C20B1
:10598000012367E07B68B3F1FF3F41D0FCF744FCA3
:1059900002463B68D31A7A689A4202D37B68002B8E
:1059A00036D1BB681B0CDBB2012B0CD1FB681B682A
:1059B0005B69DA43BB6813409BB2002B14BF012321
:1059C0000023DBB20BE0FB681B689B69DA43BB6812
:1059D00013409BB2002B14BF01230023DBB2002B2A
:1059E00016D0FB6800221A63FB68202283F83D2052
:1059F000FB68002283F83E20FB681B6C43F020020A
:105A0000FB681A64FB68002283F83C20012321E034
:105A1000BB681B0CDBB2012B0CD1FB681B685B69FC
:105A2000DA43BB6813409BB2002B14BF0123002351
:105A3000DBB20BE0FB681B689B69DA43BB68134071
:105A40009BB2002B14BF01230023DBB2002B7FF499
:105A50006DAF002318461037BD4680BD80B584B0B9
:105A600000AFF860B9607A6034E0F86800F086F85A
:105A70000346002B01D0012334E0BB68B3F1FF3FA4
:105A800028D0FCF7C9FB02467B68D31ABA689A4251
:105A900002D3BB68002B1DD1FB681B685B6903F058
:105AA0008003802B16D0FB6800221A63FB6820223B
:105AB00083F83D20FB68002283F83E20FB681B6CC6
:105AC00043F02002FB681A64FB68002283F83C2044
:105AD000012307E0FB681B685B6903F08003802BF0
:105AE000C3D1002318461037BD4680BD80B584B0B1
:105AF00000AFF860B9607A6034E0F86800F03EF812
:105B00000346002B01D0012334E0BB68B3F1FF3F13
:105B100028D0FCF781FB02467B68D31ABA689A4208
:105B200002D3BB68002B1DD1FB681B685B6903F0C7
:105B30000403042B16D0FB6800221A63FB682022A2
:105B400083F83D20FB68002283F83E20FB681B6C35
:105B500043F02002FB681A64FB68002283F83C20B3
:105B6000012307E0FB681B685B6903F00403042B57
:105B7000C3D1002318461037BD4680BD80B483B022
:105B800000AF78607B681B685B6903F48063B3F5E2
:105B9000806F1BD17B681B686FF480625A617B68E1
:105BA00000221A637B68202283F83D207B68002254
:105BB00083F83E207B681B6C43F004027B681A6408
:105BC0007B68002283F83C20012300E00023184674
:105BD0000C37BD465DF8047B7047000080B588B087
:105BE00000AF78607B68002B01D1012328E17B683E
:105BF00093F84130DBB2002B09D17B68002283F897
:105C000040207B68904A5A637868FCF75BF87B68B1
:105C1000022283F841207B681B68DB697A6812687E
:105C200023F47B6323F00F03D3617B681B6802229C
:105C30001A627B685B69022B60D07B68DB68002B93
:105C400002D110237B6101E020237B617B689B688C
:105C5000202B02D87B695B007B61012001F0D8F921
:105C6000F8607B681B69B3F5007F25D17B68DB6832
:105C7000002B10D07B699B00FA68B2FBF3F213464D
:105C80009B0013445B001A467B685B69B2FBF3F32D
:105C900005333B611FE07B69DB00FA68B2FBF3F27E
:105CA00013469B0013445B001A467B685B69B2FB9A
:105CB000F3F305333B610EE0FA687B69B2FBF3F264
:105CC00013469B0013445B001A467B685B69B2FB7A
:105CD000F3F305333B613B695C4AA2FB0323DB081A
:105CE0003B613B6903F00103BB613A69BB69D31AAD
:105CF0005B08FB61BB691B02BB6103E00223FB6124
:105D00000023BB61FB69012B02D9FB69FF2B07D97B
:105D10007B685B6C43F010027B685A6401238FE060
:105D20007B681A69BB6942EA03017B681B68FA69F0
:105D30000A431A627B681B68DB6923F47B6323F0E8
:105D40000F037A6851687A68926811437A68D2685A
:105D500011437A6892690A431A437B681B6842F4CC
:105D60000062DA617B681B6A012B61D17B68384A6B
:105D70005A637B681B68374A934201D1364B01E076
:105D80004FF04023DB697A68126832498A4201D1B8
:105D9000314A01E04FF0402223F47B6323F00F03EC
:105DA000D3617B681B682B4A934201D12A4B01E0E7
:105DB0004FF0402302221A627B681B68254A9342F7
:105DC00001D1254B01E04FF04023DB697B817B68EB
:105DD0005B68B3F5007F03D07B685B68002B03D161
:105DE0004FF480733B6101E000233B613B699AB251
:105DF0007B689B689BB213439AB27B68DB689BB25B
:105E000013439AB27B689B699BB213439AB27B8916
:105E100013439BB243F400637B817B681B680D4A8C
:105E2000934201D10C4B01E04FF040237A89DA61B3
:105E30007B6800225A647B68012283F8412000239A
:105E400018462037BD4680BD535F0008CDCCCCCC72
:105E500069600008003800400034004080B483B01E
:105E600000AF786000BF0C37BD465DF8047B70471B
:105E700080B483B000AF786000BF0C37BD465DF8DA
:105E8000047B704780B483B000AF786000BF0C37EC
:105E9000BD465DF8047B704780B582B000AF786086
:105EA0007B685B6A1A887B681B68DA607B685B6A60
:105EB0009A1C7B685A627B685B8D9BB2013B9AB2ED
:105EC0007B685A857B685B8D9BB2002B0ED17B680B
:105ED0001B685A687B681B6822F0A0025A607B68C6
:105EE000012283F841207868FFF7B8FF00BF083728
:105EF000BD4680BD80B582B000AF78607B681B680E
:105F0000DA687B68DB6A92B21A807B68DB6A9A1C6B
:105F10007B68DA627B685B8E9BB2013B9AB27B68DE
:105F20005A867B685B8E9BB2002B0ED17B681B6808
:105F30005A687B681B6822F060025A607B68012205
:105F400083F841207868FFF793FF00BF0837BD460C
:105F500080BD80B586B000AF78607B681B689B68A9
:105F60007B617B6893F84130DBB2042B3AD17B69CB
:105F700003F00103012B09D17B681B685B6803F008
:105F80004003402B02D17868FFF7B4FF7B6903F030
:105F90004003402B26D17B681B685B6803F020031D
:105FA000202B1FD17B681B685A687B681B6822F016
:105FB00060025A6000233B617B681B68DB683B61C1
:105FC0007B681B689B683B613B697B68012283F8A7
:105FD00041207B685B6C43F002027B685A647868FE
:105FE000FFF750FF7B6893F84130DBB2032B36D1CB
:105FF0007B6903F00203022B09D17B681B685B6895
:1060000003F08003802B02D17868FFF745FF7B699E
:1060100003F00803082B22D17B681B685B6803F040
:106020002003202B1BD17B681B685A687B681B6888
:1060300022F0A0025A600023FB607B681B689B680B
:10604000FB60FB687B68012283F841207B685B6C06
:1060500043F004027B685A647868FFF713FF00BFBF
:106060001837BD4680BD000080B588B000AF7860AD
:106070007B681B689B68FB617B681B68924A934244
:1060800001D1924B01E04FF040239B68BB617B68DC
:106090001B685B687B617B681B688B4A934201D1FC
:1060A0008A4B01E04FF040235B683B617B685B6893
:1060B000B3F5007F04D07B685B68002B40F09980CB
:1060C000FB6903F00203022B07D17B6903F0800315
:1060D000002B02D0786800F025F9BB6903F00103BA
:1060E000012B07D13B6903F04003002B02D07868F5
:1060F00000F0C8F9BB6903F04003402B3AD13B697B
:1061000003F02003002B35D07B681B686E4A934256
:1061100001D16E4B01E04FF040235A687B681B6849
:1061200069498B4201D1694B01E04FF0402322F0D5
:1061300060025A607B681B685A687B681B6822F0A3
:10614000A0025A600023FB607B681B68DB68FB6071
:106150007B681B689B68FB60FB687B68012283F897
:1061600041207B685B6C43F002027B685A6478686C
:10617000FFF788FEFB6903F00803082B40F0C3809B
:106180007B6903F02003002B00F0BD807B681B6857
:106190005A687B681B6822F0A0025A607B681B6803
:1061A000494A934201D1494B01E04FF040235A68DC
:1061B0007B681B6844498B4201D1444B01E04FF09E
:1061C000402322F060025A600023BB607B681B689A
:1061D0009B68BB60BB687B68012283F841207B68B9
:1061E0005B6C43F004027B685A647868FFF74AFEF0
:1061F00089E0BB6903F00203022B07D13B6903F07E
:106200008003002B02D0786800F0BEF8FB6903F031
:106210000103012B07D17B6903F04003002B02D05F
:10622000786800F0FDF8FB6903F04003402B2FD1A4
:106230007B6903F02003002B2AD07B681B685A6817
:106240007B681B6822F060025A607B681B681E4AEC
:10625000934201D11D4B01E04FF040235A687B6807
:106260001B6819498B4201D1184B01E04FF04023C4
:1062700022F0A0025A607B68012283F841207B68EB
:106280005B6C43F002027B685A647868FFF7FAFDA2
:10629000BB6903F00803082B36D13B6903F02003E8
:1062A000002B31D07B681B68074A934201D1074B12
:1062B00001E04FF040235A687B681B6802498B421B
:1062C00006D1024B06E000BF003800400034004019
:1062D0004FF0402322F0A0025A607B681B685A6886
:1062E0007B681B6822F060025A607B68012283F899
:1062F00041207B685B6C43F004027B685A647868D9
:10630000FFF7C0FD00E000BF00BF2037BD4680BDE5
:1063100080B483B000AF786000BF0C37BD465DF835
:10632000047B704780B582B000AF78607B685B6AA1
:10633000991C7A6851621A887B681B68DA607B68EE
:106340005B8D9BB2013B9AB27B685A857B685B8D03
:106350009BB2002B13D17B681B685A687B681B6853
:1063600022F0A0025A607B685B8E9BB2002B06D1A4
:106370007B68012283F841207868FFF7C9FF00BFDE
:106380000837BD4680BD000080B582B000AF7860A0
:106390007B685B6A991C7A68516219887B681B6804
:1063A0001D4A934201D11D4B01E04FF040230A46A4
:1063B000DA607B685B8D9BB2013B9AB27B685A8541
:1063C0007B685B8D9BB2002B21D17B681B68124AD6
:1063D000934201D1114B01E04FF040235A687B6892
:1063E0001B680D498B4201D10C4B01E04FF040235B
:1063F00022F0A0025A607B685B8E9BB2002B06D114
:106400007B68012283F841207868FFF781FF00BF95
:106410000837BD4680BD00BF003800400034004052
:1064200080B582B000AF78607B681B68D8687B68F5
:10643000DB6A991C7A68D16282B21A807B685B8EB3
:106440009BB2013B9AB27B685A867B685B8E9BB29B
:10645000002B13D17B681B685A687B681B6822F08D
:1064600060025A607B685B8D9BB2002B06D17B6813
:10647000012283F841207868FFF74AFF00BF083700
:10648000BD4680BD80B582B000AF78607B681B6878
:10649000204A934201D1204B01E04FF04023D868BD
:1064A0007B68DB6A991C7A68D16282B21A807B6849
:1064B0005B8E9BB2013B9AB27B685A867B685B8E8F
:1064C0009BB2002B21D17B681B68124A934201D1F9
:1064D000114B01E04FF040235A687B681B680D495F
:1064E0008B4201D10C4B01E04FF0402322F06002BF
:1064F0005A607B685B8D9BB2002B06D17B680122C2
:1065000083F841207868FFF703FF00BF0837BD46D6
:1065100080BD00BF003800400034004080B586B028
:1065200000AF78607B68002B01D1012367E27B68B4
:106530001B6803F00103002B75D0884B9B6803F0A8
:106540000C03042B0CD0854B9B6803F00C03082B29
:1065500012D1824B5B6803F48003B3F5800F0BD13B
:106560007E4B1B6803F40033002B5BD07B685B68B9
:10657000002B57D1012342E27B685B68B3F5803F73
:1065800006D1764B1B68754A43F4803313601DE0D7
:106590007B685B68B3F5A02F0CD1704B1B686F4A0A
:1065A00043F4802313606D4B1B686C4A43F48033C3
:1065B00013600BE0694B1B68684A23F48033136057
:1065C000664B1B68654A23F4802313607B685B6815
:1065D000002B13D0FBF720FE386108E0FBF71CFE10
:1065E00002463B69D31A642B01D9032307E25B4BB4
:1065F0001B6803F40033002BF0D014E0FBF70CFE13
:10660000386108E0FBF708FE02463B69D31A642BA9
:1066100001D90323F3E1514B1B6803F40033002B32
:10662000F0D100E000BF7B681B6803F00203002B81
:1066300063D04A4B9B6803F00C03002B0BD0474BF5
:106640009B6803F00C03082B1CD1444B5B6803F4DC
:106650008003002B16D1414B1B6803F00203002B73
:1066600005D07B68DB68012B01D00123C7E13B4BE0
:106670001B6823F0F8027B681B69DB003749134372
:106680000B603AE07B68DB68002B20D0344B0122A2
:106690001A60FBF7C1FD386108E0FBF7BDFD02465B
:1066A0003B69D31A022B01D90323A8E12B4B1B68AA
:1066B00003F00203002BF0D0284B1B6823F0F802F4
:1066C0007B681B69DB00254913430B6015E0244BF5
:1066D00000221A60FBF7A0FD386108E0FBF79CFD83
:1066E00002463B69D31A022B01D9032387E11B4BD6
:1066F0001B6803F00203002BF0D17B681B6803F0DA
:106700000803002B36D07B685B69002B16D0154B35
:1067100001221A60FBF780FD386108E0FBF77CFD81
:1067200002463B69D31A022B01D9032367E10B4BC5
:106730005B6F03F00203002BF0D01BE0094B00223B
:106740001A60FBF769FD38610EE0FBF765FD024654
:106750003B69D31A022B07D9032350E100380240CA
:1067600000004742800E4742884B5B6F03F00203F4
:10677000002BEAD17B681B6803F00403002B00F0B8
:1067800097800023FB75814B1B6C03F08053002B1B
:106790000FD10023BB607D4B1B6C7C4A43F08053C0
:1067A00013647A4B1B6C03F08053BB60BB680123FE
:1067B000FB75774B1B6803F48073002B18D1744B67
:1067C0001B68734A43F480731360FBF725FD38613F
:1067D00008E0FBF721FD02463B69D31A022B01D9E1
:1067E00003230CE16A4B1B6803F48073002BF0D089
:1067F0007B689B68012B06D1644B1B6F634A43F097
:10680000010313671CE07B689B68052B0CD15F4B71
:106810001B6F5E4A43F0040313675C4B1B6F5B4ABC
:1068200043F0010313670BE0584B1B6F574A23F0EB
:1068300001031367554B1B6F544A23F0040313677E
:106840007B689B68002B15D0FBF7E6FC38610AE0FB
:10685000FBF7E2FC02463B69D31A41F288329342CD
:1068600001D90323CBE0494B1B6F03F00203002B3C
:10687000EED014E0FBF7D0FC38610AE0FBF7CCFC6B
:1068800002463B69D31A41F28832934201D903236D
:10689000B5E03E4B1B6F03F00203002BEED1FB7DF6
:1068A000012B05D1394B1B6C384A23F080531364FC
:1068B0007B689B69002B00F0A180344B9B6803F040
:1068C0000C03082B5CD07B689B69022B41D1314BB8
:1068D00000221A60FBF7A0FC386108E0FBF79CFC83
:1068E00002463B69D31A022B01D9032387E0274BC9
:1068F0001B6803F00073002BF0D17B68DA697B68BA
:106900001B6A1A437B685B6A9B011A437B689B6A1C
:106910005B08013B1B041A437B68DB6A1B061B49AF
:1069200013434B601B4B01221A60FBF775FC386167
:1069300008E0FBF771FC02463B69D31A022B01D930
:1069400003235CE0114B1B6803F00073002BF0D0B5
:1069500054E0104B00221A60FBF75EFC386108E03F
:10696000FBF75AFC02463B69D31A022B01D90323D9
:1069700045E0064B1B6803F00073002BF0D13DE0AF
:106980007B689B69012B07D1012338E00038024066
:1069900000700040600047421B4B5B68FB607B68F7
:1069A0009B69012B28D0FB6803F480027B68DB69BC
:1069B0009A4221D1FB6803F03F027B681B6A9A422E
:1069C0001AD1FA6847F6C07313407A68526A920186
:1069D000934211D1FB6803F440327B689B6A5B08E9
:1069E000013B1B049A4207D1FB6803F070627B688D
:1069F000DB6A1B069A4201D0012300E000231846FF
:106A00001837BD4680BD00BF0038024080B584B055
:106A100000AF786039607B68002B01D10123CCE0A6
:106A2000684B1B6803F007033A689A420CD9654B20
:106A30003A68D2B21A70634B1B6803F007033A68D6
:106A40009A4201D00123B8E07B681B6803F002037F
:106A5000002B20D07B681B6803F00403002B05D0BB
:106A6000594B9B68584A43F4E05393607B681B681A
:106A700003F00803002B05D0534B9B68524A43F4A4
:106A800060439360504B9B6823F0F0027B689B68E7
:106A90004D4913438B607B681B6803F00103002B97
:106AA00044D07B685B68012B07D1474B1B6803F41C
:106AB0000033002B19D101237FE07B685B68022B38
:106AC00003D07B685B68032B07D13F4B1B6803F047
:106AD0000073002B09D101236FE03B4B1B6803F0CF
:106AE0000203002B01D1012367E0374B9B6823F0A1
:106AF00003027B685B68344913438B60FBF78CFBB4
:106B0000F8600AE0FBF788FB0246FB68D31A41F203
:106B10008832934201D903234FE02B4B9B6803F04B
:106B20000C027B685B689B009A42EBD1254B1B688B
:106B300003F007033A689A420CD2224B3A68D2B269
:106B40001A70204B1B6803F007033A689A4201D081
:106B5000012332E07B681B6803F00403002B08D09C
:106B6000194B9B6823F4E0527B68DB68164913439A
:106B70008B607B681B6803F00803002B09D0124B65
:106B80009B6823F460427B681B69DB000E4913435A
:106B90008B6000F021F802460B4B9B681B0903F049
:106BA0000F030A49CB5C22FA03F3094A1360094B2D
:106BB0001B681846FBF7ECFA002318461037BD4651
:106BC00080BD00BF003C02400038024050EC00088D
:106BD00004000020080000202DE9B04F94B000AF61
:106BE00000237B640023FB6400233B640023BB641D
:106BF000794B9B6803F00C03082B0DD0082B00F297
:106C0000E180002B02D0042B03D0DBE0734BBB648C
:106C1000DBE0734BBB64D8E06F4B5B6803F03F0372
:106C20007B646D4B5B6803F48003002B63D06A4B7D
:106C30005B689B090022BB63FA63BB6BC3F3080369
:106C40003B6300237B63D7E90C4522462B464FF07C
:106C500000004FF00001590141EAD26150010246A3
:106C60000B462146511A3961294663EB01037B61CA
:106C70004FF000024FF00003D7E904AB59468B01F7
:106C8000514643EA916351468A015146B2EB0108ED
:106C9000594663EB01094FF000024FF000034FEA41
:106CA000C90343EA58734FEAC802904699462346FF
:106CB00018EB0303BB602B4649EB0303FB604FF06B
:106CC00000024FF00003D7E9024529464B02214656
:106CD00043EAD15321464A02104619467B6C0022F2
:106CE000BB62FA62D7E90A23F9F75EFF02460B4658
:106CF0001346FB6458E0384B5B689B09002218463A
:106D00001146C0F308033B6200237B62D7E9088980
:106D100042464B464FF000004FF00001590141EA56
:106D2000D261500102460B464146B2EB010A494688
:106D300063EB010B4FF000024FF000034FEA8B139F
:106D400043EA9A634FEA8A12B2EB0A0463EB0B053B
:106D50004FF000024FF00003EB0043EA5473E200EF
:106D600014461D464346E3183B604B4645EB030380
:106D70007B604FF000024FF00003D7E90045294641
:106D80008B02214643EA915321468A021046194656
:106D90007B6C0022BB61FA61D7E90623F9F704FF97
:106DA00002460B461346FB640B4B5B681B0C03F05F
:106DB000030301335B003B64FA6C3B6CB2FBF3F3FF
:106DC000BB6402E0054BBB6400BFBB6C1846503788
:106DD000BD46BDE8B08F00BF003802400024F4007B
:106DE00000127A0080B400AF034B1B681846BD4602
:106DF0005DF8047B704700BF0400002080B500AF41
:106E0000FFF7F0FF0246054B9B689B0A03F0070360
:106E10000349CB5C22FA03F3184680BD00380240D8
:106E200060EC000880B500AFFFF7DCFF0246054BC1
:106E30009B685B0B03F007030349CB5C22FA03F367
:106E4000184680BD0038024060EC000880B586B06E
:106E500000AF786000237B6100233B617B681B6887
:106E600003F00103002B05D17B681B6803F00403CA
:106E7000002B35D0624B00221A60FBF7CDF9786108
:106E800008E0FBF7C9F902467B69D31A022B01D946
:106E90000323B0E05B4B1B6803F00063002BF0D1D1
:106EA0007B685B689A017B689B681B0755491343A5
:106EB000C1F88430524B01221A60FBF7ADF97861BA
:106EC00008E0FBF7A9F902467B69D31A022B01D926
:106ED000032390E04B4B1B6803F00063002BF0D0C2
:106EE0007B681B6803F00203002B00F08380002303
:106EF000FB60444B1B6C434A43F080531364414B8B
:106F00001B6C03F08053FB60FB683F4B1B683E4AE1
:106F100043F480731360FBF77FF9786108E0FBF7B7
:106F20007BF902467B69D31A022B01D9032362E065
:106F3000354B1B6803F48073002BF0D0314B1B6F73
:106F400003F440733B613B69002B2FD07B68DB6807
:106F500003F440733A699A4228D02A4B1B6F23F4FA
:106F600040733B61294B01221A60284B00221A60B2
:106F7000244A3B691367234B1B6F03F00103012B6A
:106F800014D1FBF749F978610AE0FBF745F90246AD
:106F90007B69D31A41F28832934201D903232AE054
:106FA000184B1B6F03F00203002BEED07B68DB68ED
:106FB00003F44073B3F5407F0DD1124B9B6823F46B
:106FC000F8127B68DB6823F0704323F440730D49AB
:106FD00013438B6005E00B4B9B680A4A23F4F813BC
:106FE0009360084B1A6F7B68DB68C3F30B0305499A
:106FF00013430B67002318461837BD4680BD00BFFA
:10700000680047420038024000700040400E47428E
:1070100080B487B000AF786000237B6100233B61C0
:107020000023FB600023BB607B68012B3FD1244B16
:107030009B6803F40003FB60FB68002B06D0FB6831
:10704000B3F5000F2FD11F4B7B612FE01C4B5B680A
:1070500003F48003B3F5800F08D1194B5B6803F08C
:107060003F03194AB2FBF3F33B6107E0144B5B6843
:1070700003F03F03154AB2FBF3F33B61104BD3F827
:1070800084309B09C3F308023B6902FB03F3BB6036
:107090000B4BD3F884301B0F03F00703BA68B2FB25
:1070A000F3F37B6102E000237B6100BF00E000BFDF
:1070B0007B6918461C37BD465DF8047B704700BFEE
:1070C000003802400080BB0000127A000024F40067
:1070D00080B582B000AF78607B68002B01D10123BE
:1070E00041E07B6893F83D30DBB2002B06D17B6832
:1070F000002283F83C207868FAF764FE7B6802225D
:1071000083F83D207B681A687B6804331946104673
:1071100000F0D8FA7B68012283F846207B680122C0
:1071200083F83E207B68012283F83F207B680122A0
:1071300083F840207B68012283F841207B6801228C
:1071400083F842207B68012283F843207B68012278
:1071500083F844207B68012283F845207B68012264
:1071600083F83D20002318460837BD4680BD80B512
:1071700082B000AF78607B68002B01D1012341E031
:107180007B6893F83D30DBB2002B06D17B68002290
:1071900083F83C20786800F039F87B68022283F895
:1071A0003D207B681A687B6804331946104600F05E
:1071B00089FA7B68012283F846207B68012283F8E4
:1071C0003E207B68012283F83F207B68012283F800
:1071D00040207B68012283F841207B68012283F8EC
:1071E00042207B68012283F843207B68012283F8D8
:1071F00044207B68012283F845207B68012283F8C4
:107200003D20002318460837BD4680BD80B483B0BA
:1072100000AF786000BF0C37BD465DF8047B704757
:1072200080B584B000AF786039603B68002B09D12D
:107230007B6893F83E30DBB2012B14BF012300239F
:10724000DBB222E03B68042B09D17B6893F83F3026
:10725000DBB2012B14BF01230023DBB215E03B6836
:10726000082B09D17B6893F84030DBB2012B14BFA7
:1072700001230023DBB208E07B6893F84130DBB2E6
:10728000012B14BF01230023DBB2002B01D001230B
:107290007CE03B68002B04D17B68022283F83E200F
:1072A00013E03B68042B04D17B68022283F83F2063
:1072B0000BE03B68082B04D17B68022283F8402056
:1072C00003E07B68022283F841207B681B6801226F
:1072D0003968184600F0E6FC7B681B682D4A93422B
:1072E00004D07B681B682C4A934201D1012300E043
:1072F0000023002B07D07B681B685A6C7B681B68D7
:1073000042F400425A647B681B68224A934222D0AE
:107310007B681B68B3F1804F1DD07B681B681F4AD8
:10732000934218D07B681B681D4A934213D07B6838
:107330001B681C4A93420ED07B681B68164A934216
:1073400009D07B681B68184A934204D07B681B688D
:10735000164A934211D17B681B689B6803F00703B0
:10736000FB60FB68062B10D07B681B681A687B6883
:107370001B6842F001021A6007E07B681B681A680C
:107380007B681B6842F001021A6000231846103720
:10739000BD4680BD000001400004014000040040E3
:1073A00000080040000C0040004001400018004070
:1073B00080B586B000AFF860B9607A600023FB75D5
:1073C000FB6893F83C30012B01D10223AEE0FB684F
:1073D000012283F83C207B680C2B00F29F8001A2E5
:1073E00052F823F0197400081D7500081D75000877
:1073F0001D750008597400081D7500081D750008EA
:107400001D7500089B7400081D7500081D75000897
:107410001D750008DB740008FB681B68B968184616
:1074200000F0F6F9FB681B689A69FB681B6842F07C
:1074300008029A61FB681B689A69FB681B6822F066
:1074400004029A61FB681B689969BB681A69FB684A
:107450001B680A439A6164E0FB681B68B9681846B8
:1074600000F046FAFB681B689A69FB681B6842F4E7
:1074700000629A61FB681B689A69FB681B6822F4CA
:1074800080629A61FB681B689969BB681B691A0274
:10749000FB681B680A439A6143E0FB681B68B96894
:1074A000184600F09BFAFB681B68DA69FB681B68EA
:1074B00042F00802DA61FB681B68DA69FB681B6846
:1074C00022F00402DA61FB681B68D969BB681A699B
:1074D000FB681B680A43DA6123E0FB681B68B96834
:1074E000184600F0EFFAFB681B68DA69FB681B6856
:1074F00042F40062DA61FB681B68DA69FB681B68AA
:1075000022F48062DA61FB681B68D969BB681B6979
:107510001A02FB681B680A43DA6102E00123FB756B
:1075200000BFFB68002283F83C20FB7D184618371B
:10753000BD4680BD80B584B000AF7860396000235F
:10754000FB737B6893F83C30012B01D10223B4E03C
:107550007B68012283F83C207B68022283F83D206F
:107560007B681B689B68BB60BB6823F07703BB60CC
:10757000BB6823F47F43BB607B681B68BA689A6072
:107580003B681B68B3F5005F3ED0B3F5005F00F2C7
:107590008780B3F5805F00F08680B3F5805F7FD889
:1075A000702B1AD0702B7BD8602B50D0602B77D8E3
:1075B000502B3CD0502B73D8402B58D0402B6FD839
:1075C000302B64D0302B6BD8202B60D0202B67D889
:1075D000002B5CD0102B5AD062E07B6818683B68A7
:1075E00099683B685A683B68DB6800F03BFB7B6846
:1075F0001B689B68BB60BB6843F07703BB607B681C
:107600001B68BA689A604FE07B6818683B689968A5
:107610003B685A683B68DB6800F024FB7B681B68AA
:107620009A687B681B6842F480429A603CE07B6801
:1076300018683B6859683B68DB681A4600F098FA9E
:107640007B681B685021184600F0F1FA2CE07B683B
:1076500018683B6859683B68DB681A4600F0B7FA5F
:107660007B681B686021184600F0E1FA1CE07B682B
:1076700018683B6859683B68DB681A4600F078FA7E
:107680007B681B684021184600F0D1FA0CE07B684B
:107690001A683B681B681946104600F0C8FA03E0F8
:1076A0000123FB7300E000BF7B68012283F83D20CB
:1076B0007B68002283F83C20FB7B18461037BD46D0
:1076C00080BD000080B485B000AF786039607B6811
:1076D0001B68FB607B68434A934213D07B68B3F11D
:1076E000804F0FD07B68404A93420BD07B683F4A63
:1076F000934207D07B683E4A934203D07B683D4A61
:10770000934208D1FB6823F07003FB603B685B6821
:10771000FA681343FB607B68324A93422BD07B6844
:10772000B3F1804F27D07B682F4A934223D07B68E8
:107730002E4A93421FD07B682D4A93421BD07B6810
:107740002C4A934217D07B682B4A934213D07B6814
:107750002A4A93420FD07B68294A93420BD07B6818
:10776000284A934207D07B68274A934203D07B681C
:10777000264A934208D1FB6823F44073FB603B68C0
:10778000DB68FA681343FB60FB6823F080023B6808
:107790005B691343FB603B689A687B68DA623B680D
:1077A0001A687B689A627B680E4A934203D07B68B2
:1077B000104A934203D13B681A697B681A637B685D
:1077C0001B6843F004027B681A607B6801225A61DF
:1077D0007B68FA681A6000BF1437BD465DF8047B09
:1077E000704700BF00000140000400400008004056
:1077F000000C0040000401400040014000440140F2
:107800000048014000180040001C004000200040DB
:1078100080B487B000AF786039607B681B6A7B6199
:107820007B681B6A23F001027B681A627B685B68D5
:107830003B617B689B69FB60FB6823F07003FB6026
:10784000FB6823F00303FB603B681B68FA68134383
:10785000FB607B6923F002037B613B689B687A696C
:1078600013437B617B68204A934203D07B681F4AA5
:1078700093420CD17B6923F008037B613B68DB6892
:107880007A6913437B617B6923F004037B617B6826
:10789000154A934203D07B68144A934211D13B6945
:1078A00023F480733B613B6923F400733B613B68C5
:1078B0005B693A6913433B613B689B693A691343CF
:1078C0003B617B683A695A607B68FA689A613B68F9
:1078D0005A687B685A637B687A691A6200BF1C37F2
:1078E000BD465DF8047B7047000001400004014084
:1078F00080B487B000AF786039607B681B6A7B61B9
:107900007B681B6A23F010027B681A627B685B68E5
:107910003B617B689B69FB60FB6823F4E043FB6091
:10792000FB6823F44073FB603B681B681B02FA682A
:107930001343FB607B6923F020037B613B689B68FA
:107940001B017A6913437B617B68224A934203D00F
:107950007B68214A93420DD17B6923F080037B61D0
:107960003B68DB681B017A6913437B617B6923F009
:1079700040037B617B68174A934203D07B68164AB9
:10798000934213D13B6923F480633B613B6923F449
:1079900000633B613B685B699B003A6913433B6151
:1079A0003B689B699B003A6913433B617B683A697A
:1079B0005A607B68FA689A613B685A687B689A6388
:1079C0007B687A691A6200BF1C37BD465DF8047B8C
:1079D000704700BF000001400004014080B487B040
:1079E00000AF786039607B681B6A7B617B681B6ACB
:1079F00023F480727B681A627B685B683B617B68FA
:107A0000DB69FB60FB6823F07003FB60FB6823F01D
:107A10000303FB603B681B68FA681343FB607B69E8
:107A200023F400737B613B689B681B027A691343F4
:107A30007B617B68214A934203D07B68204A934252
:107A40000DD17B6923F400637B613B68DB681B021B
:107A50007A6913437B617B6923F480637B617B6874
:107A6000164A934203D07B68154A934213D13B696F
:107A700023F480533B613B6923F400533B613B6833
:107A80005B691B013A6913433B613B689B691B01BE
:107A90003A6913433B617B683A695A607B68FA68CC
:107AA000DA613B685A687B68DA637B687A691A62D4
:107AB00000BF1C37BD465DF8047B704700000140E5
:107AC0000004014080B487B000AF786039607B6803
:107AD0001B6A3B617B681B6A23F480527B681A62D5
:107AE0007B685B687B617B68DB69FB60FB6823F418
:107AF000E043FB60FB6823F44073FB603B681B685A
:107B00001B02FA681343FB603B6923F400533B619B
:107B10003B689B681B033A6913433B617B68124ACD
:107B2000934203D07B68114A934209D17B6923F4C5
:107B300080437B613B685B699B017A6913437B618E
:107B40007B687A695A607B68FA68DA613B685A68D0
:107B50007B681A647B683A691A6200BF1C37BD46AD
:107B60005DF8047B704700BF000001400004014045
:107B700080B487B000AFF860B9607A60FB681B6AB8
:107B80007B61FB681B6A23F00102FB681A62FB68D9
:107B90009B693B613B6923F0F0033B617B681B0100
:107BA0003A6913433B617B6923F00A037B617A697D
:107BB000BB6813437B61FB683A699A61FB687A6929
:107BC0001A6200BF1C37BD465DF8047B704780B465
:107BD00087B000AFF860B9607A60FB681B6A7B61B0
:107BE000FB681B6A23F01002FB681A62FB689B6942
:107BF0003B613B6923F470433B617B681B033A693B
:107C000013433B617B6923F0A0037B61BB681B01CD
:107C10007A6913437B61FB683A699A61FB687A6908
:107C20001A6200BF1C37BD465DF8047B704780B404
:107C300085B000AF786039607B689B68FB60FB684B
:107C400023F07003FB603A68FB68134343F00703BB
:107C5000FB607B68FA689A6000BF1437BD465DF828
:107C6000047B704780B487B000AFF860B9607A6079
:107C70003B60FB689B687B617B6923F47F437B618E
:107C80003B681A027B681A43BB6813437A69134343
:107C90007B61FB687A699A6000BF1C37BD465DF85E
:107CA000047B704780B487B000AFF860B9607A6039
:107CB000BB6803F01F03012202FA03F37B61FB6838
:107CC0001A6A7B69DB431A40FB681A62FB681A6A0E
:107CD000BB6803F01F03796801FA03F31A43FB68DA
:107CE0001A6200BF1C37BD465DF8047B7047000078
:107CF00080B485B000AF786039607B6893F83C3021
:107D0000012B01D102235AE07B68012283F83C2039
:107D10007B68022283F83D207B681B685B68FB6000
:107D20007B681B689B68BB60FB6823F07003FB608B
:107D30003B681B68FA681343FB607B681B68FA6842
:107D40005A607B681B68214A934222D07B681B687B
:107D5000B3F1804F1DD07B681B681D4A934218D039
:107D60007B681B681B4A934213D07B681B681A4AC6
:107D700093420ED07B681B68184A934209D07B68F7
:107D80001B68174A934204D07B681B68154A9342CC
:107D90000CD1BB6823F08003BB603B685B68BA68AA
:107DA0001343BB607B681B68BA689A607B680122DA
:107DB00083F83D207B68002283F83C20002318468E
:107DC0001437BD465DF8047B704700BF00000140DA
:107DD0000004004000080040000C00400004014086
:107DE000004001400018004080B582B000AF7860CC
:107DF0007B68002B01D1012342E07B6893F841307E
:107E0000DBB2002B06D17B68002283F84020786823
:107E1000FAF734F87B68242283F841207B681B68DA
:107E2000DA687B681B6822F40052DA60786800F038
:107E30002BF87B681B681A697B681B6822F49042E8
:107E40001A617B681B685A697B681B6822F02A02EA
:107E50005A617B681B68DA687B681B6842F40052D1
:107E6000DA607B6800225A647B68202283F8412014
:107E70007B68202283F842207B6800225A6300231B
:107E800018460837BD4680BD2DE9B04FC0B000AFE1
:107E9000C7F8F400D7F8F4301B681B6923F440508E
:107EA000D7F8F430D968D7F8F4301A6840EA0103FB
:107EB0001361D7F8F4309A68D7F8F4301B691A4385
:107EC000D7F8F4305B691A43D7F8F430DB69134311
:107ED000C7F8F830D7F8F4301B68DB6823F4164194
:107EE00021F00C01D7F8F4301A68D7F8F8300B43BA
:107EF000D360D7F8F4301B685B6923F44070D7F87F
:107F0000F4309969D7F8F4301A6840EA01035361F4
:107F1000D7F8F4301A688F4B9A4205D0D7F8F4306E
:107F20001A688D4B9A4204D1FEF77CFFC7F8FC001B
:107F300003E0FEF763FFC7F8FC00D7F8F430DB6915
:107F4000B3F5004F40F00C81D7F8FC300022C7F8A1
:107F5000E830C7F8EC20D7E93A4522462B4691187D
:107F6000B9655B41FB65D7E91623214612EB010891
:107F7000294643EB01094FF000024FF000034FEA9E
:107F8000C90343EA58734FEAC8029046994623460C
:107F900018EB0303C7F8E0302B4649EB0303C7F89F
:107FA000E430D7F8F4305B680022C7F8D830C7F85F
:107FB000DC20D7E936120B46DB183B65134642EB53
:107FC00003037B65D7E91423D7E93801F8F7ECFD03
:107FD00002460B46614BA3FB02235B091C01D7F849
:107FE000FC300022C7F8D030C7F8D420D7E9348954
:107FF00042464B469118B9645B41FB64D7E91223B2
:10800000414612EB010A494643EB010B4FF00002D7
:108010004FF000034FEACB0343EA5A734FEACA0218
:1080200092469B4643461AEB0303C7F8C8304B46BB
:108030004BEB0303C7F8CC30D7F8F4305B68002271
:10804000C7F8C030C7F8C420D7E930120B46DB1898
:108050003B64134642EB03037B64D7E91023D7E963
:108060003201F8F7A1FD02460B4611463B4BA3FB3C
:1080700001235B09642202FB03F3CB1ADB0003F14B
:108080003202364BA3FB02235B095B0003F4F87357
:108090001C44D7F8FC300022C7F8B830C7F8BC2021
:1080A000D7E92E8942464B469118B9635B41FB6381
:1080B000D7E90E2341465118396349464B417B634A
:1080C0004FF000024FF00003D7E90CAB5946CB004C
:1080D000514643EA51735146CA00104619460346B9
:1080E00042469B18C7F8B0304B460A4642EB0303A2
:1080F000C7F8B430D7F8F4305B680022C7F8A8306E
:10810000C7F8AC20D7E92A120B46DB18BB6213462E
:1081100042EB0303FB62D7E90A23D7E92C01F8F706
:1081200043FD02460B460D4BA3FB02135B09642182
:1081300001FB03F3D31ADB003233084AA2FB03230B
:108140005B0903F00702D7F8F4301B6822449A60F9
:1081500006E100BF00100140001401401F85EB51F3
:10816000D7F8FC300022C7F8A030C7F8A420D7E920
:10817000288942464B46911839625B417B62D7E9B8
:10818000082341465418494643EB01054FF00002CD
:108190004FF00003EB0043EA5473E20014461D461F
:1081A0004346E318C7F898304B4645EB0303C7F83E
:1081B0009C30D7F8F4305B680022C7F89030C7F8DD
:1081C00094204FF000024FF00003D7E924452946E0
:1081D0008B00214643EA917321468A00D7E92601A4
:1081E000F8F7E2FC02460B46604BA3FB02235B0957
:1081F0001C01D7F8FC300022C7F88830C7F88C2063
:10820000D7E9228942464B469118B9615B41FB612F
:10821000D7E9062341465118396149464B417B61F4
:108220004FF000024FF00003D7E904AB5946CB00F2
:10823000514643EA51735146CA0010461946034657
:1082400042469B18C7F880304B460A4642EB030370
:10825000C7F88430D7F8F4305B680022BB67FA6750
:108260004FF000024FF00003D7E91E8949468B000A
:10827000414643EA917341468A00D7E92001F8F765
:1082800093FC02460B461146384BA3FB01235B09C6
:10829000642202FB03F3CB1A1B013233334AA2FBE5
:1082A00003235B0903F0F0031C44D7F8FC300022E1
:1082B0003B677A67D7E91C8942464B469118B960FB
:1082C0005B41FB60D7E902234146511839604946BA
:1082D0004B417B604FF000024FF00003D7E900AB49
:1082E0005946CB00514643EA51735146CA001046E5
:1082F0001946034642469B18BB664B460A4642EB6C
:108300000303FB66D7F8F4305B6800223B667A66AD
:108310004FF000024FF00003D7E9188949468B005F
:10832000414643EA917341468A00D7E91A01F8F7BA
:108330003BFC02460B460D4BA3FB02135B09642179
:1083400001FB03F3D31A1B013233084AA2FB0323B8
:108350005B0903F00F02D7F8F4301B6822449A60DF
:1083600000BF07F58077BD46BDE8B08F1F85EB5194
:1083700084B080B584B000AF786007F11C0080E85D
:108380000E0097F82130012B23D17B689B6B23F4DF
:1083900080327B689A637B68DB6823F4840323F074
:1083A00040037A68D3607B68DB6823F440127B6803
:1083B000DA6097F82830012B05D17B68DB6843F43D
:1083C00080127B68DA60786800F0DCF90346FB73A2
:1083D0001BE07B68DB6843F040027B68DA6078680A
:1083E00000F0D0F90346FB7397F82530002B06D137
:1083F0007B689B6B43F480327B689A6305E07B6803
:108400009B6B23F480327B689A63BB7F012B0BD17B
:108410007B689B6843F006027B689A607B689B6878
:1084200043F020027B689A60FB7B18461037BD46FC
:10843000BDE8804004B0704780B483B000AF78607E
:108440007B689B6843F001027B689A6000231846B2
:108450000C37BD465DF8047B704780B483B000AF35
:1084600078607B689B6823F001027B689A60002338
:1084700018460C37BD465DF8047B704780B584B064
:1084800000AF78600B46FB700023FB607B68DB6805
:1084900023F0C0427B68DA60FB78012B15D17B6842
:1084A000DB6843F000527B68DA600A20F9F7C0FE0F
:1084B000FB680A33FB60786800F056F90346012B2D
:1084C0001ED0FB68C72BF0D91AE0FB78002B15D122
:1084D0007B68DB6843F080427B68DA600A20F9F74A
:1084E000A7FEFB680A33FB60786800F03DF903469D
:1084F000002B05D0FB68C72BF0D901E0012305E074
:10850000FB68C82B01D1012300E000231846103777
:10851000BD4680BD80B485B000AF7860396000236F
:10852000FB60FB680133FB60FB68B3F1706F01D93E
:1085300003231BE07B681B69002BF2DA0023FB603E
:108540003B689B0143F020027B681A61FB680133A2
:10855000FB60FB68B3F1706F01D9032306E07B6811
:108560001B6903F02003202BF0D00023184614379A
:10857000BD465DF8047B704780B485B000AF78607D
:108580000023FB60FB680133FB60FB68B3F1706F95
:1085900001D9032318E07B681B69002BF2DA002362
:1085A000FB607B6810221A61FB680133FB60FB688B
:1085B000B3F1706F01D9032306E07B681B6903F0F8
:1085C0001003102BF0D0002318461437BD465DF879
:1085D000047B704780B489B000AFF860B960114681
:1085E0001A460B46FB711346BB80FB687B61BB6878
:1085F000FB6197F82830002B23D1BB8803339B08FD
:108600003B610023BB6118E0FB791A037B691344CB
:1086100003F580531A46FB691B681360FB6901333D
:10862000FB61FB690133FB61FB690133FB61FB69A2
:108630000133FB61BB690133BB61BA693B699A4293
:10864000E2D3002318462437BD465DF8047B70470B
:1086500080B48BB000AFF860B9601346FB80FB6854
:10866000BB61BB687B62FB889B089BB27B61FB881C
:1086700003F00303FB8300233B6214E0BB6903F5B3
:1086800080531A687B6A1A607B6A01337B627B6A5B
:1086900001337B627B6A01337B627B6A01337B62DD
:1086A0003B6A01333B623A6A7B699A42E6D3FB8BB1
:1086B000002B1ED000233B62BB6903F580531A4692
:1086C00007F1100312681A603A693B6ADBB2DB00FB
:1086D00022FA03F3DAB27B6A1A703B6A01333B6217
:1086E0007B6A01337B62FB8B013BFB83FB8B002BA3
:1086F000EAD17B6A18462C37BD465DF8047B70478B
:1087000080B485B000AF78607B685B69FB607B6894
:108710009B69FA681340FB60FB6818461437BD4636
:108720005DF8047B704780B485B000AF78600B467D
:10873000FB707B68FB60FB785A01FB68134403F510
:10874000A0639B68BB60FB785A01FB68134403F588
:10875000A063DB68BA681340BB60BB681846143777
:10876000BD465DF8047B704780B483B000AF78608D
:108770007B685B6903F0010318460C37BD465DF862
:10878000047B704780B485B000AF78600023FB6045
:10879000FB680133FB60FB68B3F1706F01D9032301
:1087A00022E07B681B69002BF2DA0A23FB6002E0FF
:1087B000FB68013BFB60FB68002BF9D17B681B6900
:1087C00043F001027B681A61FB680133FB60FB68C0
:1087D000B3F1706F01D9032306E07B681B6903F0D6
:1087E0000103012BF0D0002318461437BD465DF875
:1087F000047B704784B080B586B000AF786007F125
:10880000240080E80E000023FB757B68FB60FB689A
:1088100003F560631A46002313607B689B6B43F487
:1088200000127B689A637B689B6B23F400227B6851
:108830009A637B689B6B23F480227B689A637B68D6
:10884000DB6803F04003002B19D197F82730012B88
:108850000AD1FB6803F580631B68FA6802F5806241
:1088600043F00403136014E0FB6803F580631B68A6
:10887000FA6802F5806223F00403136009E0FB68E4
:1088800003F580631B68FA6802F5806223F0040335
:10889000136010217868FFF73DFE0346002B01D0DE
:1088A0000123FB757868FFF767FE0346002B01D0B4
:1088B0000123FB7500233B6115E03B695A01FB680E
:1088C000134403F5A0631A464FF0FF3393603B69EE
:1088D0005A01FB68134403F5A0631A460023D360D2
:1088E0003B6901333B6197F825301A463B69934257
:1088F000E3D37B6800229A617B684FF0FF325A61B4
:108900007B68184A93420BD17B684FF400725A621D
:108910007B68154A9A627B68144AC3F8002109E013
:108920007B6880225A627B68114A9A627B68114A8E
:10893000C3F8002197F82630002B05D17B689B698E
:1089400043F010027B689A617B689A690A4B134373
:108950007A689361FB7D18461837BD46BDE88040B4
:1089600004B0704700000440000200010003E00072
:1089700080006000E0004000080020A380B485B0C3
:1089800000AF78600B46FB707B68FB60FB6803F50B
:1089900080631B68FA6802F5806223F003031360AA
:1089A000FB6803F580631A68FB7803F00303F9683A
:1089B00001F5806113430B60FB78012B07D1FB6845
:1089C00003F580631A464BF6803353600CE0FB7866
:1089D000022B07D1FB6803F580631A4641F27073DE
:1089E000536001E0012300E0002318461437BD4620
:1089F0005DF8047B704780B584B000AF78607B6819
:108A0000FB600023BB60FB6803F588631B68BB60E9
:108A1000BB6823F02E03BB60BB68FA6802F588626E
:108A200043F4807313606420F9F702FCBB68FA68B2
:108A300002F5886223F4807313600A20F9F7F8FBCB
:108A4000002318461037BD4680BD80B485B000AF06
:108A500078600B46FB707B68FB600023BB60FB68A3
:108A600003F588631B68BB60BB6823F02E03BB6003
:108A7000BB6803F48053002B09D1FB78012B06D18E
:108A8000BB68FA6802F5886243F480531360BB68E0
:108A900003F48053B3F5805F09D1FB78002B06D136
:108AA000BB68FA6802F5886223F4805313600023E0
:108AB00018461437BD465DF8047B704780B485B016
:108AC00000AF78607B68FB600023BB60FB6803F548
:108AD00088631B68BB60BB685B0C03F0030318462C
:108AE0001437BD465DF8047B704780B485B000AF95
:108AF00078607B68FB60FB6803F580639B689BB2D2
:108B000018461437BD465DF8047B704780B588B0C1
:108B100000AF7860084611461A460346FB700B46C4
:108B2000BB7013467B700023FB777B683B61FB784F
:108B30005A013B69134403F5A0631A464FF0FF3313
:108B4000936097F82C30032B7CD801A252F823F0C5
:108B5000618B0008078C0008618B0008C98B000836
:108B6000FB785A013B69134403F5A0631A4640F2AF
:108B70009D43D36097F90230002B10DAFB785A013D
:108B80003B69134403F5A063DB68FA7851013A6945
:108B90000A4402F5A06243F48073D36055E07B6819
:108BA0006F4A934251D1FB785A013B69134403F554
:108BB000A063DB68FA7851013A690A4402F5A062C1
:108BC00043F06003D36040E0FB785A013B691344F3
:108BD00003F5A0631A4640F29D63D36097F9023013
:108BE000002B34DAFB785A013B69134403F5A06388
:108BF000DB68FA7851013A690A4402F5A06243F44D
:108C00008073D36023E0FB785A013B69134403F57A
:108C1000A0631A4640F22523D36097F90230002B57
:108C200017DAFB785A013B69134403F5A063DB684C
:108C3000FA7851013A690A4402F5A06243F4C0731C
:108C4000D36006E00123FB7704E000BF02E000BF31
:108C500000E000BFFB785A013B69134403F5A063B1
:108C60001A4600235360FB785A013B69134403F50D
:108C7000A063DB68FA7851013A690A4402F5A06200
:108C800043F00203D3603B6903F580639A69FB7884
:108C900003F00F03012101FA03F3396901F5806143
:108CA00013438B617B689B6943F000727B689A6118
:108CB00097F90230002B03DA4FF40043BB6101E067
:108CC0000023BB617868FFF7F9FEF86097F8283059
:108CD000022B06D1FB68022B03D04FF400337B61DB
:108CE00001E000237B617B789B0503F0FE52BB789B
:108CF000DB0203F4F0431A4397F82C309B0403F48F
:108D000040231A433B8EC3F30A031A43BB691A4339
:108D10007B691343FA7851013A690A4402F5A0626B
:108D200043F48013136097F82C30032B03D097F88B
:108D30002C30012B0FD1FB785A013B69134403F50A
:108D4000A0631B68FA7851013A690A4402F5A062EF
:108D500043F000531360FB7F18462037BD4680BDAB
:108D60000000044080B58CB002AFF860B9601346D3
:108D7000FB71FB683B62BB685B78FB614FF48073FF
:108D80007B83FB685D4A93422FD1FB79012B1CD179
:108D9000BB689B7C002B03D0BB689B7C022B24D13F
:108DA000BB689B79002B20D1FB695A013B6A1344B5
:108DB00003F5A063DB68FA6951013A6A0A4402F5D7
:108DC000A06223F07003D3600FE0BB681B79002B17
:108DD0000BD1BB685B79012B07D1BB685B78194667
:108DE000F86800F06BFB002332E2BB689B79012B33
:108DF00058D10123FB84BB68DB78002B07D0FB8CA8
:108E0000BA68928A03FB02F2BB68DA617CE0BB6855
:108E10009B7C012B30D1BB681B6ABC2B18D9BB686B
:108E20009B8A1A46BB68DA61BB68DA69BB681A625A
:108E3000BB68DB68012B03D0BB68DB68022B03D166
:108E4000BB680222DA605FE0BB680122DA605BE0A7
:108E5000BB681A6ABB68DA61BB68DB68012B07D0A4
:108E6000BB68DB68022B03D0BB680422DA604BE0EE
:108E7000BB680322DA6047E0FB79012B0DD1BB68A8
:108E80001B6ABA68928A934207D9FB8CBA68928AA5
:108E900003FB02F2BB68DA6136E0BB681A6ABB68A2
:108EA000DA6131E0BB681B6A002B18D0BB681B6A13
:108EB000BA68928A1344013BBA68928AB3FBF2F310
:108EC000FB84FA8C7B8B9A420BD97B8BFB84FB8CCB
:108ED000BA68928A03FB02F2BB68DA6101E00123FF
:108EE000FB84BB68DB78002B0AD0FB8CBA68928AC3
:108EF00003FB02F2BB68DA6106E000BF0000044039
:108F0000BB681A6ABB68DA61BB68DB69C3F312022B
:108F1000FB8CD904A34B0B401A43BB689B7D5B07BA
:108F200003F0C043F9694801396A014401F5A061C1
:108F300013430B61FB79002B09D0BB689969FB696E
:108F40005A013B6A134403F5A0630A465A613B6A1F
:108F500003F580639B6803F00103002B0CBF012322
:108F60000023DBB27B76FB695A013B6A134403F5AD
:108F7000A0631B68FA6951013A6A0A4402F5A062CB
:108F800023F000531360FB695A013B6A134403F555
:108F9000A0631A687B7E5B07F9694801396A01445E
:108FA00001F5A06113430B60BB689B79012B40F076
:108FB000C380BB685B7CDB01BA68127C1343FA692F
:108FC00051013A6A0A4402F5A06243F0004353603B
:108FD000FB695A013B6A134403F5A063DB68FA6935
:108FE00051013A6A0A4402F5A06243F06003D3607B
:108FF000BB68DB79012B23D1BB68DB78002B1FD149
:10900000FB695A013B6A134403F5A0635B68FA6984
:1090100051013A6A0A4402F5A06243F48033536076
:10902000FB695A013B6A134403F5A063DB68FA69E4
:1090300051013A6A0A4402F5A06243F04003D3604A
:10904000BB689B7C012B03D0BB689B7C032B17D197
:10905000BB68DB79012B13D1BB68DB78012B0FD107
:10906000FB695A013B6A134403F5A0635B68FA6924
:1090700051013A6A0A4402F5A06243F48033536016
:10908000BB689B7C012B62D1BB68DB78002B5ED177
:10909000BB68DB68013B032B58D801A252F823F0D0
:1090A000B1900008D3900008F590000817910008CF
:1090B000FB695A013B6A134403F5A0635B68FA69D4
:1090C00051013A6A0A4402F5A06243F40043536036
:1090D0003DE0FB695A013B6A134403F5A0635B68FA
:1090E000FA6951013A6A0A4402F5A06243F00E039C
:1090F00053602CE0FB695A013B6A134403F5A063FB
:109100005B68FA6951013A6A0A4402F5A06243F4C5
:10911000804353601BE0FB695A013B6A134403F52B
:10912000A0635B68FA6951013A6A0A4402F5A062D9
:1091300043F4404353600AE0FB695A013B6A13441D
:1091400003F5A0631A460023536000E000BFFB69EB
:109150005A013B6A134403F5A0631B683B613B69FA
:1091600023F080433B61BB68DB78002B04D03B6974
:1091700043F400433B6103E03B6923F400433B615C
:109180003B6943F000433B61FB695A013B6A13446E
:1091900003F5A0631A463B691360FB79002B03D0EB
:1091A000002355E00000F81FBB68DB78002B4ED190
:1091B000BB681B6A002B4AD0BB68DB79002B46D109
:1091C000BB689B7C032B31D801A252F823F000BF6F
:1091D000E191000805920008E1910008059200085D
:1091E000BB681B6A03339B08FB82FA8AFB68DB6A55
:1091F0009BB29A421CD9FB689B6943F02002FB6832
:109200009A6115E0BB681B6A03339B08FB82FA8AEC
:109210003B6A03F580631B699BB29A420AD9FB68DB
:109220009B6943F08062FB689A6103E000BF02E043
:1092300000BF00E000BFBB689969BB685A78BB6893
:109240001B6A9BB200200090F868FFF7C3F9002367
:1092500018462837BD4680BD80B485B000AF786021
:109260007B68FB60FB6803F580635B699BB2184613
:109270001437BD465DF8047B704780B489B000AFF9
:1092800078600B46FB707B68FB61FB78BB61002359
:10929000BB60BB695A01FB69134403F5A0631B68FB
:1092A0009B0C03F003037B61BB695A01FB69134408
:1092B00003F5A0631B68DB0F03F001033B61BB698F
:1092C0005A01FB69134403F5A0635B68DB0F03F0ED
:1092D0000103FB607B689B6803F02003202B0DD10A
:1092E000FB68002B0AD13B69002B05D07B69012B61
:1092F00002D07B69032B01D10023D8E07B69002BCE
:1093000002D07B69022B73D1BB695A01FB691344FC
:1093100003F5A0631B68BA695101FA690A4402F5B2
:10932000A06243F0804313607B689B6803F02003D6
:10933000002B4AD17B68DB6A03F47F03002B33D117
:10934000BB695A01FB69134403F5A0631B68BA6942
:109350005101FA690A4402F5A06223F00043136048
:10936000BB695A01FB69134403F5A0631B68BA6922
:109370005101FA690A4402F5A06243F00043136008
:10938000BB680133BB60BB68B3F57A7F2ED8BB697D
:109390005A01FB69134403F5A0631B6803F0004303
:1093A000B3F1004FECD081E0BB695A01FB69134473
:1093B00003F5A0631B68BA695101FA690A4402F512
:1093C000A06243F00043136070E0BB695A01FB697F
:1093D000134403F5A0631B68BA695101FA690A4492
:1093E00002F5A06243F0004313605FE000BF5DE060
:1093F000BB695A01FB69134403F5A0631B68BA6992
:109400005101FA690A4402F5A06243F080431360F7
:10941000FB6903F580631B6903F47F03002B33D1E1
:10942000BB695A01FB69134403F5A0631B68BA6961
:109430005101FA690A4402F5A06223F00043136067
:10944000BB695A01FB69134403F5A0631B68BA6941
:109450005101FA690A4402F5A06243F00043136027
:10946000BB680133BB60BB68B3F57A7F1DD8BB69AD
:109470005A01FB69134403F5A0631B6803F0004322
:10948000B3F1004FECD011E0BB695A01FB69134402
:1094900003F5A0631B68BA695101FA690A4402F531
:1094A000A06243F00043136000E000BF00231846B1
:1094B0002437BD465DF8047B7047000080B487B058
:1094C00000AF78600B46FB707B687B61FB783B618B
:1094D0000123FB60FB68DA04154B13403A69510124
:1094E0007A690A4402F5A06243F0004313613B69C4
:1094F0005A017B69134403F5A0631B68BB60BB681A
:1095000023F08043BB60BB6843F00043BB603B6912
:109510005A017B69134403F5A0631A46BB681360C4
:10952000002318461C37BD465DF8047B704700BF1A
:109530000000F81F80B588B000AF78600023FB778B
:109540007B687B610023FB607868FEF786FF102153
:109550007868FEF7DFFF0346002B01D00123FB777D
:109560007868FFF709F80346002B01D00123FB7749
:109570000023BB611FE0BB695A017B69134403F5FB
:10958000A0631B683B613B6943F080433B613B69DF
:1095900023F000433B613B6923F400433B61BB691B
:1095A0005A017B69134403F5A0631A463B691360B3
:1095B000BB690133BB61BB690F2BDCD90023BB61E5
:1095C00034E0BB695A017B69134403F5A0631B684F
:1095D0003B613B6943F080433B613B6943F000439F
:1095E0003B613B6923F400433B61BB695A017B69E2
:1095F000134403F5A0631A463B691360FB6801330B
:10960000FB60FB68B3F57A7F0CD8BB695A017B69B4
:10961000134403F5A0631B6803F00043B3F1004F4C
:10962000ECD000E000BFBB690133BB61BB690F2B0D
:10963000C7D97B6903F580631A464FF0FF33536146
:109640007B684FF0FF325A617868FEF7F5FEFB7FCA
:1096500018462037BD4680BD90B589B004AF78600C
:10966000012302220221786800F083FC0346FB7389
:10967000FB7BFF2B02D0FB7B012B01D902233DE1B9
:10968000FB7B1946786800F058FC0346BB73BB7B34
:10969000002B01D0022331E17B68D3F87C435020BA
:1096A00002F06AFB0346E3617B68D3F87C33DB6935
:1096B000BB60BB68002B01D102231FE150220021B7
:1096C000B86803F099FAFB7B7A681A2101FB03F36F
:1096D000134403F24E331B785BB2002B15DAFB7B8D
:1096E0007A681A2101FB03F3134403F24E331A780C
:1096F000BB685A70FB7B7A681A2101FB03F31344A1
:1097000003F554731A88BB685A81BB685B781946A5
:10971000786801F0C4FF03461A46BB681A70BB683C
:109720001978BB6858787B6893F81C437B6893F87A
:109730001D33BA6852890292032201920093234694
:109740000246786801F07CFFBB681B78002219464E
:10975000786802F08BFA002300220A21786800F072
:1097600008FC0346FB73FB7BFF2B02D0FB7B012B2A
:1097700001D90223C2E0FB7B7A681A2101FB03F3C3
:10978000134403F24E331B785BB2002B16DAFB7BDB
:109790007A681A2101FB03F3134403F24E331A785B
:1097A000BB68DA73FB7B7A681A2101FB03F313446D
:1097B00003F554731A88BB685A8315E0FB7B7A68FB
:1097C0001A2101FB03F3134403F24E331A78BB68EA
:1097D0009A73FB7B7A681A2101FB03F3134403F5A8
:1097E00054731A88BB681A83FB7B7A681A2101FBC1
:1097F00003F3134403F256331B785BB2002B16DAE3
:10980000FB7B7A681A2101FB03F3134403F25633FE
:109810001A78BB68DA73FB7B7A681A2101FB03F3C1
:10982000134403F556731A88BB685A8315E0FB7B13
:109830007A681A2101FB03F3134403F256331A78B2
:10984000BB689A73FB7B7A681A2101FB03F313440C
:1098500003F556731A88BB681A83BB689B7B19464D
:10986000786801F01CFF03461A46BB685A73BB6850
:10987000DB7B1946786801F012FF03461A46BB6885
:109880001A73BB68597BBB68987B7B6893F81C4351
:109890007B6893F81D33BA68128B02920222019200
:1098A000009323460246786801F0CAFEBB68197B24
:1098B000BB68D87B7B6893F81C437B6893F81D33A7
:1098C000BA68528B0292022201920093234602460A
:1098D000786801F0B5FEBB68002283F84C20BB68B5
:1098E0005B7B00221946786802F0C0F9BB681B7BDD
:1098F00000221946786802F0B9F900231846143797
:10990000BD4690BD80B584B000AF78607B68D3F869
:109910007C33DB69FB60FB681B78002B0ED0FB6897
:109920001B781946786801F0AAFEFB681B78194677
:10993000786801F0D5FEFB6800221A70FB681B7B7B
:10994000002B0ED0FB681B7B1946786801F097FE50
:10995000FB681B7B1946786801F0C2FEFB68002299
:109960001A73FB685B7B002B0ED0FB685B7B194690
:10997000786801F084FEFB685B7B1946786801F02B
:10998000AFFEFB6800225A737B68D3F87C33DB6937
:10999000002B0BD07B68D3F87C33DB69184602F0D0
:1099A000F3F97B68D3F87C330022DA610023184690
:1099B0001037BD4680BD80B584B000AF78607B684D
:1099C000D3F87C33DB69FB60FB6840331946786869
:1099D00000F0B1F80346FB72FB7A002B05D17B68DF
:1099E000D3F8D433022178689847FB7A18461037A9
:1099F000BD4680BD80B584B000AF78600123FB73A5
:109A00000023BB737B68D3F87C33DB69BB60BB6826
:109A100093F84C30042B77D801A252F823F000BF02
:109A2000359A00083B9A00086B9A0008DF9A0008F4
:109A3000ED9A00080023FB736DE0BB689B6C194630
:109A4000786800F097F80346BB73BB7B002B04D10A
:109A5000BB68022283F84C2058E0BB7B012B55D019
:109A6000BB68042283F84C2050E0BB6840331946A1
:109A7000786800F060F80346BB73BB7B002B26D1EF
:109A8000BB68002283F84C20BB6893F84420BB6875
:109A90009B6C1B799A423BD1BB6893F84620BB680C
:109AA0009B6C9B799A4233D1BB6893F84520BB6885
:109AB0009B6C5B799A422BD1BB681A6CBB689B6C20
:109AC0001B689A4224D1786800F058F920E0BB7BEB
:109AD000012B1DD0BB68042283F84C2018E0786865
:109AE00000F067F8786800F0DAF814E00021786890
:109AF00001F01EF80346BB73BB7B002B0AD1BB6889
:109B0000002283F84C2005E000BF04E000BF02E023
:109B100000BF00E000BFFB7B18461037BD4680BD8C
:109B200080B483B000AF7860002318460C37BD4680
:109B30005DF8047B704780B582B000AF7860396013
:109B40007B68A1221A747B6821225A747B680022E8
:109B50005A827B6800229A827B680722DA823B68FD
:109B600007221946786801F017FB034618460837A4
:109B7000BD4680BD80B582B000AF786039607B683B
:109B800021221A747B6820225A747B6800225A8230
:109B90007B6800229A827B680722DA823B68072270
:109BA0001946786801F0F8FA034618460837BD46AA
:109BB00080BD80B586B002AF78607B68D3F87C3317
:109BC000DB69FB600023FB72FB6893F84D30012BCF
:109BD00002D0022B23D05EE0FB685B6AFA68128B2E
:109BE00093420BD9FB68D969FB681A8BFB685B7BD6
:109BF00001200090786801F0E0FC0BE0FB68D96977
:109C0000FB685B6A9AB2FB685B7B01200090786816
:109C100001F0D3FCFB68022283F84D203BE0FB6897
:109C20005B7B1946786801F0F7FF0346FB72FB7A0D
:109C3000012B28D1FB685B6AFA68128B93420ED91C
:109C4000FB685B6AFA68128B9A1AFB685A62FB68B7
:109C5000DB69FA68128B1A44FB68DA6102E0FB6880
:109C600000225A62FB685B6A002B04D0FB68012269
:109C700083F84D200EE0FB68002283F84D207868C1
:109C800000F068F806E0FB7A022B03D1FB680122A2
:109C900083F84D2000BF00BF1037BD4680BD80B5A2
:109CA00086B000AF78607B68D3F87C33DB697B617A
:109CB0000023FB747B6993F84E30032B02D0042BF6
:109CC0000ED043E07B69196A7B695A8B7B691B7BE9
:109CD000786801F097FC7B69042283F84E2035E018
:109CE0007B691B7B1946786801F096FF0346FB747D
:109CF000FB7C012B29D17B691B7B1946786801F01D
:109D0000F9FEF8607B699B6AFA689A4216D07B6913
:109D10005B8B1A46FB68934210D17B699A6AFB6899
:109D2000D21A7B699A627B691A6AFB681A447B695A
:109D30001A627B69032283F84E2006E07B690022C9
:109D400083F84E20786800F00FF800BF00BF183786
:109D5000BD4680BD80B483B000AF786000BF0C37D3
:109D6000BD465DF8047B704780B483B000AF786077
:109D700000BF0C37BD465DF8047B704780B483B0EC
:109D800000AF786000BF0C37BD465DF8047B7047BC
:109D900080B584B000AFF860B9601346FB71FB6812
:109DA000002B01D1022329E0FB68FA7983F8CC2348
:109DB000FB680022C3F87C23FB680022C3F88023E1
:109DC000F86800F01FF8FB68002283F82323FB6883
:109DD000002283F82023FB68002283F82123FB68FC
:109DE000002283F82223BB68002B03D0FB68BA68EB
:109DF000C3F8D423F86801F0C9FD002318461037D2
:109E0000BD4680BD80B584B000AF78600023FB60A4
:109E100009E07A68FB68E0339B00134400225A6033
:109E2000FB680133FB60FB680F2BF2D90023FB605A
:109E300009E07A68FB68134403F58E7300221A70F8
:109E4000FB680133FB60FB68B3F5007FF1D37B68EF
:109E500000221A707B6800225A707B6801229A7077
:109E60007B680022C3F8C4237B6801221A767B68D2
:109E700040229A717B6800225A767B68002283F820
:109E80001C237B68012283F81D237B68002283F852
:109E90001F237B68002283F81E237B681C334FF44A
:109EA00080720021184602F0A7FE7B6803F58E73CE
:109EB0004FF400720021184602F09EFE7B6803F208
:109EC000263312220021184602F096FE7B6803F525
:109ED0004E733E220021184602F08EFE00231846E3
:109EE0001037BD4680BD80B485B000AF7860396062
:109EF0000023FB733B68002B16D07B68D3F88033BC
:109F0000002B0ED17B68D3F88033591C7A68C2F8D5
:109F100080137A68DE33396842F823100023FB731C
:109F200004E00223FB7301E00223FB73FB7B184672
:109F30001437BD465DF8047B704780B485B000AF30
:109F400078600B46FB700023FB737B6893F83C330F
:109F5000FA789A4204D27B68FA7883F8242301E0E5
:109F60000223FB73FB7B18461437BD465DF8047B68
:109F7000704780B487B000AF7860084611461A4633
:109F80000346FB700B46BB7013467B700023FB75CA
:109F900000233B617B6803F54E73FB6025E0FB7D8E
:109FA0001A2202FB03F30833FA68134402333B61BD
:109FB0003B695B79FA789A4202D0FB78FF2B11D18A
:109FC0003B699B79BA789A4202D0BB78FF2B09D1C2
:109FD0003B69DB797A789A4202D07B78FF2B01D1FA
:109FE000FB7D06E0FB7D0133FB75FB7D012BD6D9A4
:109FF000FF2318461C37BD465DF8047B704780B5CB
:10A0000082B000AF7860786801F0FCFC01217868CC
:10A0100001F015FE002318460837BD4680BD00003C
:10A0200080B588B004AF78600223BB730023FB7354
:10A030007B6893F82133DBB2012B02D17B680322CA
:10A040001A707B681B78DBB20B2B00F2BC8101A27B
:10A0500052F823F085A00008B7A0000821A100084D
:10A0600061A30008C7A30008C1A1000807A3000856
:10A07000F7A1000817A2000835A2000879A200087D
:10A0800049A300087B6893F82033DBB2002B00F073
:10A090009C817B6801221A70C82001F01AFE786842
:10A0A00001F00DFD7B68002283F81C237B680022F1
:10A0B000C3F8C82389E17B6893F82333DBB2012B13
:10A0C00007D17B68002283F81F237B6802221A7065
:10A0D0008AE17B68D3F8C833B3F57A7F14D97B68FB
:10A0E00093F81F330133DAB27B6883F81F237B6850
:10A0F00093F81F33032B03D97B680D221A7073E189
:10A100007B6800221A706FE17B68D3F8C83303F1D3
:10A110000A027B68C3F8C8230A2001F0DAFD63E174
:10A120007B68D3F8D433002B05D07B68D3F8D433C5
:10A13000042178689847642001F0CBFD786801F02D
:10A1400097FC03461A467B6883F81D237B6805222B
:10A150001A700021786801F0A2FA03461A467B685B
:10A160005A718021786801F09AFA03461A467B6892
:10A170001A717B6819797B6893F81C037B6893F8E4
:10A180001D337A689279029200220192009303466D
:10A190008022786801F054FA7B6859797B6893F8DB
:10A1A0001C037B6893F81D337A689279029200222F
:10A1B0000192009303460022786801F041FA13E10E
:10A1C000786800F017F90346BB73BB7BDBB2002B4A
:10A1D00040F0FD807B68002283F824237B6893F89D
:10A1E0003733012B03D17B6808221A70EFE07B68BC
:10A1F00007221A70EBE07B68D3F8D433002B00F011
:10A20000E8807B68D3F8D4330121786898477B686D
:10A2100008221A70DDE07B6893F83D3319467868B0
:10A2200000F03FFC0346002B40F0D5807B680922FC
:10A230001A70D0E07B6893F83F3303F02003002BC3
:10A2400016D00121786800F04FFC0346BB73BB7B3E
:10A25000DBB2002B03D17B680A221A70BDE0BB7B06
:10A26000DBB2032B40F0B9807B680A221A70B4E09D
:10A270007B680A221A70B0E07B68D3F88033002B29
:10A2800000F0AD807B680022C3F87C230023FB73C1
:10A2900016E0FA7B7B68DE3253F822301A797B684D
:10A2A00093F847339A4208D1FA7B7B68DE3253F841
:10A2B00022207B68C3F87C2305E0FB7B0133FB7322
:10A2C000FB7B002BE5D07B68D3F87C33002B16D0CA
:10A2D0007B68D3F87C339B68786898470346002BEB
:10A2E00009D17B6806221A707B68D3F8D433032126
:10A2F0007868984773E07B680D221A706FE07B687E
:10A300000D221A706BE07B68D3F87C33002B17D0DA
:10A310007B68D3F87C331B69786898470346BB7326
:10A32000BB7BDBB2002B03D17B680B221A7058E099
:10A33000BB7BDBB2022B54D17B680D221A7050E03C
:10A340007B680D221A704CE07B68D3F87C33002BBD
:10A3500049D07B68D3F87C335B697868984742E0E2
:10A360007B68002283F821237868FFF74BFD7B6828
:10A37000D3F87C33002B09D07B68D3F87C33DB68BF
:10A38000786898477B680022C3F87C237B68D3F801
:10A39000D433002B05D07B68D3F8D43305217868FB
:10A3A00098477B6893F82233DBB2012B07D17B6897
:10A3B000002283F822237868FFF721FE14E07868F2
:10A3C00001F020FB10E000BF0EE000BF0CE000BF7A
:10A3D0000AE000BF08E000BF06E000BF04E000BFE5
:10A3E00002E000BF00E000BF002318461037BD4662
:10A3F00080BD00BF80B588B004AF78600123FB73D7
:10A400000123BB737B685B78072B00F2BD8101A23F
:10A4100052F823F035A40008EFA4000859A500085D
:10A42000E3A500084DA60008BDA6000803A7000884
:10A4300049A700080821786800F050FA0346BB736A
:10A44000BB7B002B2ED17B6893F82D237B689A7100
:10A450007B6801225A707B6819797B6893F81C032A
:10A460007B6893F81D337A689279029200220192F8
:10A47000009303468022786801F0E2F87B685979FE
:10A480007B6893F81C037B6893F81D337A68927994
:10A49000029200220192009303460022786801F0A4
:10A4A000CFF873E1BB7B032B40F070817B6893F89E
:10A4B0001E330133DAB27B6883F81E237B6893F87E
:10A4C0001E33032B03D97B680D221A705EE17B6873
:10A4D0005B791946786801F003F97B681B791946A6
:10A4E000786801F0FDF87B6800221A704EE11221B5
:10A4F000786800F0F3F90346BB73BB7B002B03D1F4
:10A500007B6802225A7043E1BB7B032B40F0408101
:10A510007B6893F81E330133DAB27B6883F81E231D
:10A520007B6893F81E33032B03D97B680D221A70C6
:10A530002EE17B685B791946786801F0D1F87B6879
:10A540001B791946786801F0CBF87B6800225A70B5
:10A550007B6800221A701BE10121786800F07DFA07
:10A560000346BB73BB7B002B30D1022001F0B1FB53
:10A570007B68012283F81C237B6803225A707B6866
:10A5800019797B6893F81C037B6893F81D337A680C
:10A590009279029200220192009303468022786809
:10A5A00001F04EF87B6859797B6893F81C037B684F
:10A5B00093F81D337A6892790292002201920093F7
:10A5C00003460022786801F03BF8E3E0BB7B032BF5
:10A5D00040F0E0807B680D221A707B6800225A7080
:10A5E000D8E00921786800F0A5F90346BB73BB7B6E
:10A5F000002B03D17B6804225A70CDE0BB7B032B78
:10A6000040F0CA807B6893F81E330133DAB27B686E
:10A6100083F81E237B6893F81E33032B03D97B68D2
:10A620000D221A70B8E07B685B791946786801F0F2
:10A6300057F87B681B791946786801F051F87B68F8
:10A6400000225A707B6800221A70A5E07B68B3F87C
:10A650003A331946786800F06DF90346BB73BB7B4B
:10A66000002B03D17B6805225A7097E0BB7B032B3C
:10A6700040F094807B6893F81E330133DAB27B6834
:10A6800083F81E237B6893F81E33032B03D97B6862
:10A690000D221A7082E07B685B791946786801F0B8
:10A6A0001FF87B681B791946786801F019F87B68F8
:10A6B00000225A707B6800221A706FE07B6893F862
:10A6C0003433002B19D07B6893F834137B6803F57F
:10A6D0008E72FF23786800F057F90346BB73BB7B8B
:10A6E000002B03D17B6806225A7059E0BB7B032BF9
:10A6F00056D17B6806225A7052E07B6806225A7057
:10A700004EE07B6893F83533002B19D07B6893F8C3
:10A7100035137B6803F58E72FF23786800F034F9F7
:10A720000346BB73BB7B002B03D17B6807225A70A7
:10A7300038E0BB7B032B35D17B6807225A7031E0B0
:10A740007B6807225A702DE07B6893F83633002B24
:10A7500017D07B6893F836137B6803F58E72FF235E
:10A76000786800F011F90346BB73BB7B002B02D164
:10A770000023FB7318E0BB7B032B15D10023FB7375
:10A7800012E00023FB730FE000BF0EE000BF0CE0FF
:10A7900000BF0AE000BF08E000BF06E000BF04E021
:10A7A00000BF02E000BF00E000BFFB7B184610378F
:10A7B000BD4680BD80B483B000AF786039607B68EF
:10A7C0003A68C3F8C42300BF0C37BD465DF8047B6C
:10A7D000704780B582B000AF78607B68D3F8C4332F
:10A7E0005A1C7B68C3F8C423786800F004F800BFE3
:10A7F0000837BD4680BD80B582B000AF78607B6809
:10A800001B78DBB20B2B0AD17B68D3F87C33002B8F
:10A8100005D07B68D3F87C339B697868984700BF84
:10A820000837BD4680BD80B483B000AF78607B68D8
:10A83000012283F8232300BF0C37BD465DF8047B5B
:10A84000704780B483B000AF78607B68002283F8E3
:10A8500023237B68012283F8212300BF0C37BD46E8
:10A860005DF8047B704780B483B000AF78607B688C
:10A87000012283F820237B68002283F821237B6850
:10A88000002283F82223002318460C37BD465DF8CA
:10A89000047B704780B582B000AF78607B6801228E
:10A8A00083F821237B68002283F820237B68002221
:10A8B00083F82323786801F0C0F87B681B79194678
:10A8C000786800F00DFF7B685B791946786800F0C6
:10A8D00007FF002318460837BD4680BD80B586B007
:10A8E00002AF78600B467B807B88B3F5007F01D98F
:10A8F00003231BE07B6803F58E727B88009313466D
:10A900004FF480720021786800F072F80346FB7300
:10A91000FB7B002B09D17B6803F58E737A8819467F
:10A92000786800F029F90346FB73FB7B1846103763
:10A93000BD4680BD80B586B002AF78600B467B8097
:10A940007B681C33BB607B88B3F5807F01D9032310
:10A9500016E07B880093BB684FF400720021786892
:10A9600000F046F80346FB73FB7B002B07D17B8886
:10A970001A46B968786800F0AFF90346FB73FB7BB1
:10A9800018461037BD4680BD80B588B002AFF8606C
:10A990007A601A460B46FB7213463B813B89B3F53E
:10A9A000007F02D87B68002B01D103231CE0FB7AD7
:10A9B0009BB243F440739AB2FB6803F58E713B89F6
:10A9C00000930B460021F86800F012F80346FB756F
:10A9D000FB7D002B07D1FB6803F58E733A897968FC
:10A9E000184600F08CFBFB7D18461837BD4680BD2D
:10A9F00080B584B000AFF8607B600B46FB721346F5
:10AA00003B81FB689B78012B1CD1FB7A63F07F03B1
:10AA1000DAB2FB681A74FB6806225A74FB683A893A
:10AA20005A823B8903F47F43B3F5407F04D1FB682E
:10AA300040F209429A8202E0FB6800229A82FB6897
:10AA40003A8BDA823B8B1A467968F86800F0A4FBEF
:10AA5000034618461037BD4680BD80B582B000AFB2
:10AA600078600B46FB707B689B78012B0FD17B686D
:10AA700000221A747B6805225A74FB789AB27B68AC
:10AA80005A827B6800229A827B680022DA82002246
:10AA90000021786800F080FB034618460837BD4661
:10AAA00080BD80B582B000AF78600B467B807B684C
:10AAB0009B78012B0ED17B6800221A747B680922D7
:10AAC0005A747B687A885A827B6800229A827B68F3
:10AAD0000022DA8200220021786800F05DFB034644
:10AAE00018460837BD4680BD80B582B000AF78609B
:10AAF0000B46FB707B689B78012B0FD17B68002293
:10AB00001A747B6803225A74FB789AB27B685A8263
:10AB10007B6800229A827B680022DA820022002170
:10AB2000786800F039FB034618460837BD4680BDFB
:10AB300080B582B000AF78600B46FB707B689B7875
:10AB4000012B0FD17B6802221A747B6801225A7490
:10AB50007B6800225A82FB789AB27B689A827B6873
:10AB60000022DA8200220021786800F015FB0346FB
:10AB700018460837BD4680BD80B487B000AFF86086
:10AB8000B9601346FB80FB6803F226333B61002368
:10AB9000FB75BB68002B01D1022394E0BB681A78D7
:10ABA0003B691A70BB685A783B695A70BB680233BC
:10ABB0001B781A46BB6803331B781B029BB21343F6
:10ABC0009AB23B695A80BB681A793B691A71BB68B3
:10ABD0005A793B695A71BB689A793B699A71BB682B
:10ABE000DA793B69DA71FB6893F81D33002B04D0E6
:10ABF000FB6893F81D33012B1BD13B69DB79202BBC
:10AC00000FDC082B0FDB083B324A22FA03F303F078
:10AC10000103002B14BF01230023DBB2002B06D15C
:10AC200001E0402B03D03B690822DA7100E000BF4D
:10AC30000EE0FB6893F81D33022B07D13B69DB79EB
:10AC4000082B05D03B690822DA7101E00323FB756C
:10AC5000FB88082B36D9BB6808331B781A46BB68BB
:10AC600009331B781B029BB213439AB23B691A81CA
:10AC7000BB680A331B781A46BB680B331B781B0270
:10AC80009BB213439AB23B695A81BB680C331B7861
:10AC90001A46BB680D331B781B029BB213439AB252
:10ACA0003B699A81BB689A7B3B699A73BB68DA7B84
:10ACB0003B69DA73BB681A7C3B691A74BB685A7CBF
:10ACC0003B695A74FB7D18461C37BD465DF8047B12
:10ACD000704700BF0101000180B58CB000AFF86083
:10ACE000B9601346FB80FB6803F54E733B6200239B
:10ACF00087F82F30002387F82730002387F8263085
:10AD0000BB68002B01D10223DEE0BB68BB62BB6ADB
:10AD10001B78092B02D0BB6A09221A70BB681A780B
:10AD20003B6A1A70BB685A783B6A5A70BB68023338
:10AD30001B781A46BB6803331B781B029BB2134374
:10AD40009BB2B3F5807F28BF4FF480739AB23B6A01
:10AD50005A80BB681A793B6A1A71BB685A793B6A98
:10AD60005A71BB689A793B6A9A71BB68DA793B6A17
:10AD7000DA71BB681A7A3B6A1A72FB88092B40F2B7
:10AD8000A1800923FB820023FB6185E007F1160304
:10AD90001946B86A00F0E6F9B862BB6A5B78042B22
:10ADA0007AD1BB6A1B78092B02D0BB6A09221A70C0
:10ADB00097F827301A2202FB03F308333A6A134448
:10ADC0000233FB61B96AF86900F082F8002387F862
:10ADD00026300023BB6143E007F116031946B86A29
:10ADE00000F0C0F9B862BB6A5B78052B38D1FB690B
:10ADF0005B79012B13D1FB699B79022B03D0FB6993
:10AE00009B79032B0BD1FB69DB79002B0BD1BB6A40
:10AE10001B78092B07D0BB6A09221A7003E0BB6AB2
:10AE200007221A7000E000BF97F8273097F8262015
:10AE30000132D2001A2101FB03F3134408333A6AAA
:10AE400013440433BB61BA6AB969F86800F06FF85B
:10AE5000034687F82F3097F82630013387F82630DD
:10AE600097F82630012B0AD8FB691B7997F8262022
:10AE70009A4204D23B6A5A88FB8A9A42ACD8FB6950
:10AE80001B7997F826209A4201D203231CE097F8F9
:10AE90002730013387F8273097F82730012B05D862
:10AEA0003B6A5A88FB8A9A423FF670AF3B6A1B792D
:10AEB000022B28BF0223DBB297F827209A4201D247
:10AEC000032301E097F82F3018463037BD4680BD88
:10AED00080B483B000AF786039603B681A787B68D3
:10AEE0001A703B685A787B685A703B689A787B681E
:10AEF0009A703B68DA787B68DA703B681A797B680D
:10AF00001A713B685A797B685A713B689A797B68F9
:10AF10009A713B68DA797B68DA713B681A7A7B68E8
:10AF20001A7200BF0C37BD465DF8047B704780B4D1
:10AF300087B000AFF860B9607A600023FB757B686A
:10AF40001A78BB681A707B685A78BB685A707B683D
:10AF50009A78BB689A707B68DA78BB68DA707B682D
:10AF600004331B781A467B6805331B781B029BB29F
:10AF700013439AB2BB689A807B689A79BB689A71CE
:10AF8000BB689B88002B09D0BB689B88B3F5806F9A
:10AF900004D8BB689B88B3F5007F01D90323FB75F8
:10AFA000FB6893F81D33002B36D1BB68DB7803F0C8
:10AFB0000303022B08D1BB689B88B3F5007F40F2E6
:10AFC00097800323FB7593E0BB68DB7803F00303F2
:10AFD000002B07D1BB689B88402B40F2898003235C
:10AFE000FB7585E0BB68DB7803F00303012B05D01C
:10AFF000BB68DB7803F00303032B0AD1BB689B79A2
:10B00000002B03D0BB689B79102B70D90323FB75F1
:10B010006DE00323FB756BE0FB6893F81D33012B98
:10B020003CD1BB68DB7803F00303022B05D0BB687F
:10B03000DB7803F00303002B06D1BB689B88402B11
:10B0400056D90323FB7553E0BB68DB7803F0030399
:10B05000012B0ED1BB689B79002B07D0BB689B7975
:10B06000102B03D8BB689B88402B41D90323FB7569
:10B070003EE0BB68DB7803F00303032B0BD1BB6816
:10B080009B79002B04D0BB689B88B3F5806F2FD3CE
:10B090000323FB752CE00323FB7529E0FB6893F881
:10B0A0001D33022B20D1BB68DB7803F00303002B98
:10B0B00006D1BB689B88082B1AD00323FB7517E0C9
:10B0C000BB68DB7803F00303032B0AD1BB689B79D1
:10B0D000002B03D0BB689B88082B09D90323FB7581
:10B0E00006E00323FB7503E00323FB7500E000BFCC
:10B0F000FB7D18461C37BD465DF8047B704780B465
:10B1000087B000AFF860B9601346FB80FB6801337D
:10B110001B78032B20D1FB681B789A1EFB88934277
:10B1200028BF1346BB82FB680233FB600023FB820F
:10B130000BE0FB8AFA6813441A78BB681A70BB6884
:10B140000133BB60FB8A0233FB82FA8ABB8A9A42D4
:10B15000EFD3BB6800221A7000BF1C37BD465DF8F4
:10B16000047B704780B485B000AF786039603B687D
:10B170001B887A68127813449AB23B681A807B68FD
:10B180001B781A467B681344FB60FB68184614372B
:10B19000BD465DF8047B704780B586B000AFF860AF
:10B1A000B9601346FB800123FB75FB689B78012B7C
:10B1B00002D0022B0FD027E0FB68BA689A60FB68C8
:10B1C000FA889A81FB6801221A76FB6802229A703B
:10B1D0000123FB7518E0F86800F01CF80346FB75C6
:10B1E000FB7D002B02D0FB7D032B06D1FB680122E7
:10B1F0009A70FB6800221A7605E0FB7D022B02D1D3
:10B20000FB6801229A7000BFFB7D18461837BD46C7
:10B2100080BD000080B586B002AF78600123FB736B
:10B220000023BB737B681B7E013B0A2B00F2578116
:10B2300001A252F823F000BF65B200087FB20008F7
:10B24000E9B200080FB3000849B3000873B300085F
:10B25000C5B30008E7B3000823B4000849B40008E8
:10B2600087B400087B6803F110017B685B791A469C
:10B27000786800F045F97B6802221A763AE17B682B
:10B280005B791946786800F0C7FC0346BB73BB7B4B
:10B29000012B1ED17B681B7C23F07F037B737B68B3
:10B2A000DB8A002B0AD07B7B802B03D17B680322B7
:10B2B0001A7616E17B6805221A7612E17B7B802BD9
:10B2C00003D17B6809221A760BE17B6807221A7684
:10B2D00007E1BB7B042B03D0BB7B022B40F0018139
:10B2E0007B680B221A76FCE07B68D3F8C4339AB2F1
:10B2F0007B68DA817B6899687B689A897B681B79AF
:10B30000786800F03CF97B6804221A76F2E07B68EA
:10B310001B791946786800F07FFC0346BB73BB7B42
:10B32000012B03D17B6809221A76DCE0BB7B052B5D
:10B3300002D10323FB73D6E0BB7B042B40F0D38008
:10B340007B680B221A76CEE07B6899687B689A89C5
:10B350007B685B7901200090786800F0EBF87B68EF
:10B36000D3F8C4339AB27B68DA817B6806221A76F6
:10B37000C0E07B685B791946786800F04DFC0346B5
:10B38000BB73BB7B012B03D17B6807221A76ACE031
:10B39000BB7B052B05D17B680C221A760323FB733C
:10B3A000A3E0BB7B022B03D17B6805221A769CE0CD
:10B3B000BB7B042B40F099807B680B221A7602231A
:10B3C000FB7392E07B681B7900220021786800F013
:10B3D000D6F87B68D3F8C4339AB27B68DA817B688D
:10B3E00008221A7686E07B681B791946786800F097
:10B3F00013FC0346BB73BB7B012B05D17B680D227D
:10B400001A760023FB7372E0BB7B042B03D17B68AD
:10B410000B221A766BE0BB7B052B68D10323FB73F1
:10B4200065E07B685B790122009200220021786848
:10B4300000F080F87B68D3F8C4339AB27B68DA8175
:10B440007B680A221A7655E07B685B791946786832
:10B4500000F0E2FB0346BB73BB7B012B05D100234D
:10B46000FB737B680D221A7643E0BB7B022B03D172
:10B470007B6809221A763CE0BB7B042B39D17B68C0
:10B480000B221A7635E07B685B7E0133DAB27B688B
:10B490005A767B685B7E022B06D87B6801221A767F
:10B4A0007B6801229A7025E07B68D3F8D4330621AB
:10B4B000786898477B6800225A767B685B791946E2
:10B4C000786800F00DF97B681B791946786800F000
:10B4D00007F97B6800221A700223FB730AE000BFA1
:10B4E00008E000BF06E000BF04E000BF02E000BFCC
:10B4F00000E000BFFB7B18461037BD4680BD00BF93
:10B5000080B588B004AFF860B9601346FB71F97973
:10B510000023039308230293BB6801930023009345
:10B5200000230022F86800F046FB0023184610377D
:10B53000BD4680BD80B588B004AFF860B9601146E3
:10B540001A460B46FB8013467B71FB6893F81D334C
:10B55000002B01D000233B7679793B7E0393FB8857
:10B560000293BB6801930123009300230022F86833
:10B5700000F021FB002318461037BD4680BD80B582
:10B5800088B004AFF860B96011461A460B46FB80DC
:10B5900013467B71797900230393FB880293BB6880
:10B5A00001930123009300230122F86800F003FBBC
:10B5B000002318461037BD4680BD80B588B004AF63
:10B5C000F860B96011461A460B46FB8013467B7142
:10B5D000FB6893F81D33002B01D000233B7679796B
:10B5E0003B7E0393FB880293BB6801930123009386
:10B5F00002230022F86800F0DEFA00231846103714
:10B60000BD4680BD80B588B004AFF860B960114612
:10B610001A460B46FB8013467B717979002303930E
:10B62000FB880293BB68019301230093022301224C
:10B63000F86800F0C0FA002318461037BD4680BDF8
:10B6400080B586B004AF7860084611461A460346B6
:10B65000FB700B46BB7013467B707878BA78F9782C
:10B660003B8B02933B7D01933B7C009303467868C0
:10B6700000F053FA002318460837BD4680BD80B558
:10B6800082B000AF78600B46FB70FB781946786893
:10B6900000F072FA002318460837BD4680BD80B519
:10B6A00084B000AF78600B46FB70786800F036F825
:10B6B0000346FB81FB894FF6FF7293420AD0FA786A
:10B6C000FB8903F00F0342F400427968E0339B00EA
:10B6D0000B445A60FB89DBB218461037BD4680BD6B
:10B6E00080B483B000AF78600B46FB70FB780F2B03
:10B6F0000DD8FB787A68E0339B0013445A68FB78D6
:10B70000C2F30E027968E0339B000B445A600023B9
:10B7100018460C37BD465DF8047B704780B485B091
:10B7200000AF78600023FB730023FB730FE0FB7B0B
:10B730007A68E0339B0013445B6803F40043002BFA
:10B7400002D1FB7B9BB207E0FB7B0133FB73FB7BEE
:10B750000F2BECD94FF6FF7318461437BD465DF832
:10B76000047B704780B500AF01220E490E48FEF7FA
:10B770000FFB0346002B01D0F6F7C0F80B490A482F
:10B78000FEF7B1FB0346002B01D0F6F7B7F80648E9
:10B79000FEF735FC0346002B01D0F6F7AFF800BFEB
:10B7A00080BD00BFC5B70008E803002010000020DE
:10B7B00080B500AF0248FEF733FC00BF80BD00BF7C
:10B7C000E803002080B483B000AF78600B46FB70C4
:10B7D000FB78013B042B19D801A252F823F000BFDB
:10B7E0000DB80008FDB700080DB8000805B800083E
:10B7F000F5B70008094B03221A7008E0074B022234
:10B800001A7004E0054B01221A7000E000BF00BF6F
:10B810000C37BD465DF8047B704700BFC0070020B1
:10B8200080B58AB000AF786007F1140300221A6077
:10B830005A609A60DA601A617B681B68B3F1A04FA6
:10B8400047D100233B61254B1B6B244A43F0010386
:10B850001363224B1B6B03F001033B613B694FF405
:10B8600000737B610023BB610023FB6107F11403BC
:10B8700019461B48F7F712FA4FF4E0537B61022395
:10B88000BB610023FB6100233B620A237B6207F15B
:10B89000140319461248F7F701FA104B5B6B0F4A75
:10B8A00043F0800353630023FB600C4B5B6C0B4A3B
:10B8B00043F480435364094B5B6C03F48043FB60A7
:10B8C000FB68002200214320F7F7B1F94320F7F786
:10B8D000CAF900BF2837BD4680BD00BF003802400E
:10B8E0000000024080B582B000AF78607B68D3F87A
:10B8F000DC331846FEF76DFF00BF0837BD4680BD3C
:10B9000080B582B000AF78607B68D3F8DC3318462E
:10B91000FEF7A9FF00BF0837BD4680BD80B582B0E5
:10B9200000AF78607B68D3F8DC331846FEF7B2FFCF
:10B9300000BF0837BD4680BD80B483B000AF7860DB
:10B940000B46FB701346BB7000BF0C37BD465DF85D
:10B95000047B704780B582B000AF78607B68D3F815
:10B96000DC331846FEF75FFF00BF0837BD4680BDD9
:10B9700080B582B000AF78607B68D3F8DC331846BE
:10B98000FEF75FFF00BF0837BD4680BD80B582B0BF
:10B9900000AF78607B6893F8CC33012B2AD1184A2A
:10B9A0007B68C2F8DC337B68154AC3F8D023144B9C
:10B9B0004FF0A0421A60124B08225A71104B01221C
:10B9C000DA710F4B00229A710D4B02225A720C4B06
:10B9D00000229A720A48F7F72EFB0346002B01D08B
:10B9E000F5F78CFF0648F7F78FFF0346194678688E
:10B9F000FEF7E0FE002318460837BD4680BD00BFB5
:10BA0000C407002080B584B000AF78600023FB73CA
:10BA10000023BB737B68D3F8D0331846F7F7FCFEDE
:10BA20000346FB73FB7B184600F05EF90346BB73CD
:10BA3000BB7B18461037BD4680BD80B584B000AFD3
:10BA400078600023FB730023BB737B68D3F8D0338B
:10BA50001846F7F704FF0346FB73FB7B184600F01C
:10BA600043F90346BB73BB7B18461037BD4680BD08
:10BA700080B584B000AF78600123FB737B68D3F896
:10BA8000D0331846F7F74EFF0346022B0CD0022B9B
:10BA90000DD8002B02D0012B03D008E00023FB734C
:10BAA00008E00123FB7305E00223FB7302E001239E
:10BAB000FB7300BFFB7B18461037BD4680BD80B5C9
:10BAC00084B000AF78600023FB730023BB737B68F6
:10BAD000D3F8D0331846F7F7DFFE0346FB73FB7B42
:10BAE000184600F001F90346BB73BB7B18461037BC
:10BAF000BD4680BD80B582B000AF78600B46FB705C
:10BB00007B68D3F8D033FA7811461846F7F7E7FE8A
:10BB1000034618460837BD4680BD90B589B004AFCE
:10BB20007860084611461A460346FB700B46BB7008
:10BB300013467B700023FB730023BB737B68D3F831
:10BB4000D0037C78BA78F9783B8D029397F824304B
:10BB5000019397F8203000932346F7F7D3FA034672
:10BB6000FB73FB7B184600F0BFF80346BB73BB7B3F
:10BB700018461437BD4690BD80B584B000AF7860DC
:10BB80000B46FB700023FB730023BB737B68D3F869
:10BB9000D033FA7811461846F7F76CFB0346FB736F
:10BBA000FB7B184600F0A0F80346BB73BB7B18462E
:10BBB0001037BD4680BD90B589B004AF78600846A7
:10BBC00011461A460346FB700B46BB7013467B704A
:10BBD0000023FB730023BB737B68D3F8D0037C780E
:10BBE000BA78F97897F82C3003933B8D02937B6AEF
:10BBF000019397F8203000932346F7F75FFB034645
:10BC0000FB73FB7B184600F06FF80346BB73BB7BEE
:10BC100018461437BD4690BD80B582B000AF78603D
:10BC20000B46FB707B68D3F8D033FA781146184680
:10BC3000F7F740FE034618460837BD4680BD80B57D
:10BC400082B000AF78600B46FB707B6893F8CC3312
:10BC5000012B03D1FB78184600F072F8C820F6F7E4
:10BC6000E7FA002318460837BD4680BD80B485B08A
:10BC700000AF78600B46FB701346BB707B68D3F84F
:10BC8000D033FB60FA78F96813461B019B1A9B00BE
:10BC90000B4417331B78002B0AD0FA78F968134647
:10BCA0001B019B1A9B000B443C33BA781A7009E0C5
:10BCB000FA78F96813461B019B1A9B000B443D332D
:10BCC000BA781A70002318461437BD465DF8047B15
:10BCD000704780B582B000AF78607868F6F7A8FA50
:10BCE00000BF0837BD4680BD80B485B000AF0346B5
:10BCF000FB710023FB73FB79032B17D801A252F8C9
:10BD000023F000BF15BD00081BBD000821BD0008C1
:10BD100027BD00080023FB730BE00223FB7308E040
:10BD20000123FB7305E00223FB7302E00223FB7394
:10BD300000BFFB7B18461437BD465DF8047B704797
:10BD400080B584B000AF0346FB71FB79FB73FB79D0
:10BD5000002B02D10023FB7301E00123FB73FB7B6B
:10BD60001A4601210348F7F74DF900BF1037BD46C9
:10BD700080BD00BF00080240024B0146186800F079
:10BD80002DB800BF3C000020024B0146186801F0AE
:10BD90001BBE00BF3C00002070B50F4E0C46316842
:10BDA000054611B900F068FF30602146284600F0D2
:10BDB00063FF431C03D14FF0FF34204670BDC41C09
:10BDC00024F00304A042F8D0211A284600F054FFC2
:10BDD0000130F2D1EFE700BFA40B00202DE9F843BA
:10BDE000CD1C25F0030508350C2D38BF0C25002D82
:10BDF000064601DBA94204D90C2333600020BDE8CC
:10BE0000F883DFF8D48000F069F8D8F800301C46D9
:10BE100044BB29463046FFF7BFFF431C044658D1B8
:10BE2000D8F800402746002F43D1002C4BD0236880
:10BE30003946304604EB030900F01EFF814542D12C
:10BE400021686D1A29463046FFF7A6FF01303AD027
:10BE500023682B442360D8F800305A6862BBC8F8C6
:10BE600000700FE02268521B20D40B2A17D96119E9
:10BE7000A342256018BF5960636808BFC8F8001066
:10BE800062514B60304600F02FF804F10B00231D87
:10BE900020F00700C21A1CBF1B1AA350AFE762684C
:10BEA000A3420CBFC8F800205A60EBE72346646841
:10BEB000AEE73C467F68B6E71A465B68A342FBD113
:10BEC00000235360DEE70C233360304600F00CF8AB
:10BED00094E70560D6E700BFA80B0020014800F0FA
:10BEE00018BF00BFEC0C0020014800F013BF00BFDA
:10BEF000EC0C00202DE9FF4757EC106B002F0C468F
:10BF000019463B46BBBF07F100431F4600232D23C4
:10BF10000B700D9BDDF830A0914623F02008BCBFCC
:10BF200032461646B8F1460F05D0B8F1450F00D19C
:10BF30000134022100E0032103AB019302AB009323
:10BF400047EC106B5346224600F06EFFB8F1470FE6
:10BF5000054619D119F0010F0ED000EB040900229B
:10BF6000002330463946F4F7AFFD08B1CDF80C9008
:10BF70003022039B4B451ED3039B0E9A5B1B284626
:10BF8000136004B0BDE8F087B8F1460F00EB040978
:10BF9000E5D10378302B0AD1002200233046394600
:10BFA000F4F792FD18B9C4F10104CAF80040DAF8B8
:10BFB00000309944D3E7591C03911A70D9E7F7B5BB
:10BFC0000029BABF49422D232B230929027043704F
:10BFD00029DD0DF107031D460A271A46B1FBF7F6C6
:10BFE00007FB1614303402F8014C0C46632C03F1A5
:10BFF000FF333146F1DC3031941E03F8011C411C43
:10C000002346AB420AD30DF109039B1AAC4288BF09
:10C01000002302330344181A03B0F0BD13F8016B78
:10C0200001F8016FEDE7302330318370C170031DDB
:10C03000F1E700002DE9F04F8DB00C46DDF8588097
:10C0400016461F46054600F0DFFD036804931846B8
:10C05000F4F70EF900230A93D8F80030059007335F
:10C0600023F0070303F1080294F818A0D4F800B0F5
:10C07000C8F80020D3E9008929F000430793CDF8E0
:10C080001880C4E91289DDE906019C4B4FF0FF32AC
:10C09000F4F74CFD70BBDDE90601984B4FF0FF3221
:10C0A000F4F726FD30BB0022002340464946F4F752
:10C0B00015FD10B12D2384F84330914A914BBAF10C
:10C0C000470F8CBF90469846032323612BF004034F
:10C0D00023604FF00009009733460BAA21462846FB
:10C0E00000F0D2F9013040F08D804FF0FF300DB0FC
:10C0F000BDE8F08F42464B4640464946F4F716FDF0
:10C1000040B14B46002BBCBF2D2384F843307E4A00
:10C110007E4BD4E763680AF0DF0206925A1C3BD1DB
:10C12000062363604BF480620023226003930AAB12
:10C13000CDE901A309AB0093616849EC108B0DF1C7
:10C1400023032846FFF7D6FE069B0999472B804616
:10C1500029D1C81C02DB6368994241DDAAF1020AB9
:10C160005FFA8AFA0139524604F150000991FFF74B
:10C1700026FF0A9A1318012A8146236102DC2268ED
:10C18000D20701D5013323619DF82330002BA2D0C3
:10C190002D2384F843309EE7069A472AC2D1002B0C
:10C1A000C0D10123BDE7BAF1650FDBD9BAF1660F43
:10C1B00018D1002963680BDD216113B92268D0070B
:10C1C00002D501330B442361A1654FF00009DBE781
:10C1D00013B92268D20701D50233F4E70123F2E74D
:10C1E0004FF0670A0A9B994205DB23682161D80753
:10C1F000EAD54B1CE7E70029D4BFC1F102020122B6
:10C200001344E0E723685A0507D4236942463146C0
:10C210002846B84701302BD167E7BAF1650F40F2E5
:10C22000DD80D4E9120100220023F4F74DFC002840
:10C2300033D0374A012331462846B84701303FF40E
:10C2400054AFDDE90938434502DB2368D8070FD531
:10C25000DDE9042331462846B84701303FF445AFB5
:10C260004FF0000908F1FF3804F11A0AC84509DC4B
:10C2700023689B0700F10381E0680B9B9842B8BFDD
:10C28000184634E70123524631462846B847013064
:10C290003FF42BAF09F10109E8E7099B002B39DCDA
:10C2A0001B4A012331462846B84701303FF41DAFF1
:10C2B000DDE9093959EA030302D12368D907D7D543
:10C2C000DDE9042331462846B84701303FF40DAF7D
:10C2D0004FF0000A04F11A0B099B5B42534501DC45
:10C2E0004B4693E701235A4631462846B84701306A
:10C2F0003FF4FBAE0AF1010AEEE700BFFFFFEF7F5C
:10C300006CEC000868EC000874EC000870EC0008A5
:10C3100078EC0008A36DDDF828A05345A8BF53466C
:10C32000002B994636DC4FF0000B29EAE97904F13D
:10C330001A02A36D0693A3EB09035B4531DC099B4D
:10C340009A453ADC2368DA0737D4099BAAEB03093C
:10C35000069BAAEB03039945A8BF9946B9F1000FC4
:10C3600033DC4FF0000829EAE97904F11A0B099B44
:10C37000AAEB0303A3EB090343457FF779AF01233E
:10C380005A4631462846B84701303FF4AEAE08F170
:10C390000108ECE7424631462846B8470130C2D191
:10C3A000A3E60123314628460692B84701303FF400
:10C3B0009CAE069A0BF1010BBBE7DDE90423314685
:10C3C0002846B8470130C0D18FE6069A4B46424412
:10C3D00031462846B8470130C3D186E6DDF828A0AB
:10C3E000BAF1010F01DCDB0736D5012342463146A5
:10C3F0002846B84701303FF478AEDDE904233146E2
:10C400002846B84701303FF470AED4E9120100224B
:10C4100000230AF1FF3AF4F757FBC0B9534608F17D
:10C42000010231462846B84701300CD15DE60123B0
:10C430005A4631462846B84701303FF456AE08F117
:10C440000108D045F3DB4B4604F15002DFE64FF024
:10C45000000804F11A0BF4E701234246E1E7012347
:10C460004A4631462846B84701303FF43EAE08F10F
:10C470000108E3680B995B1A4345F0DCFCE64FF0DA
:10C48000000804F11909F4E72DE9F047164698462B
:10C490008A680B69DDF820909342B8BF1346336079
:10C4A00091F8432007460C460AB1013333602368F4
:10C4B000990642BF336802333360256815F00605DC
:10C4C00006D104F1190AE36832689B1AAB4226DCF4
:10C4D00094F843302268003B18BF012392062BD406
:10C4E00004F1430241463846C84701301ED0236854
:10C4F000226903F00603042B02BFE5683368ED1AD6
:10C50000A3680CBF25EAE57500259342C4BF9B1ABA
:10C51000ED1800261A34B5421AD1002008E0012394
:10C52000524641463846C847013003D14FF0FF30EC
:10C53000BDE8F0870135C6E7E1185A1C302081F8C4
:10C540004300224494F8451082F843100233C7E7B1
:10C550000123224641463846C8470130E6D001361D
:10C56000D9E700002DE9FF470F7E0C9E782F9146FA
:10C5700080460C469A4601F1430207D8622F0AD83A
:10C58000002F00F0D180582F00F0B88004F142064F
:10C5900084F842703AE0A7F16303152BF6D801A1A5
:10C5A00051F823F0FDC5000811C600088DC500082C
:10C5B0008DC500088DC500088DC5000811C600088E
:10C5C0008DC500088DC500088DC500088DC5000803
:10C5D0000FC700083BC60008C9C600088DC5000883
:10C5E0008DC5000831C700088DC500083BC600088E
:10C5F0008DC500088DC50008D1C6000833681A1D16
:10C600001B68326004F1420684F8423001239CE04A
:10C6100033682068191D3160060601D51D6803E0E6
:10C620004506FBD5B3F90050002D03DA2D236D42EA
:10C6300084F8433058480A2311E02168336808061B
:10C6400053F8045B02D4490648BFADB26F2F52487D
:10C65000336014BF0A230823002184F8431066685E
:10C66000A660002E05DB21682E4321F00401216025
:10C670004BD01646B5FBF3F103FB1157C75D06F827
:10C68000017D2F46BB420D46F4D9082B0BD1236800
:10C69000DF0708D5236961689942DEBF302306F8B9
:10C6A000013C06F1FF36921B2261CDF800A04B46FB
:10C6B00003AA21464046FFF7E7FE01304AD14FF07A
:10C6C000FF3004B0BDE8F087236843F02003236007
:10C6D0003248782784F84570236831681F0651F87E
:10C6E000045B02D45F0648BFADB23160D90744BFD6
:10C6F00043F0200323601DB11023ADE72648E9E78E
:10C70000236823F020032360F6E71646BDE733686D
:10C7100025686169181D30602E061B6801D51960F7
:10C7200002E06806FBD51980002323611646BCE7AA
:10C7300033681A1D32601E68626800213046F3F7C4
:10C7400047FD08B1801B606063682361002384F8A3
:10C750004330AAE72369324649464046D047013074
:10C76000ADD023689B0713D4E068039B9842B8BF01
:10C770001846A6E70123324649464046D0470130D5
:10C780009DD00135E36803995B1AAB42F2DCEBE71D
:10C79000002504F11906F5E77AEC00088BEC000897
:10C7A000002310B50446C0E90033C0E904338360B8
:10C7B00081814366C2818361194608225C3000F0A2
:10C7C0001BFA0D4B63620D4BA3620D4BE3620D4BE5
:10C7D00023630D4B24629C4206D003F1680294420D
:10C7E00002D0D0339C4205D104F15800BDE810407E
:10C7F00000F08EBA10BD00BF49CA00086BCA00081D
:10C80000A3CA0008C7CA0008AC0B0020024A0349AB
:10C81000034800F069B800BF300000208DE7000831
:10C820004000002041680C4B994210B5044601D0ED
:10C8300001F0ACFFA168094B994202D0204601F0FB
:10C84000A5FFE168064B994204D02046BDE81040A0
:10C8500001F09CBF10BD00BFAC0B0020140C0020E9
:10C860007C0C002010B50B4B0B4C0C4A1A60204678
:10C8700000220421FFF794FF04F16800012209213E
:10C88000FFF78EFF04F1D0000222BDE81040122114
:10C89000FFF786BFE40C0020AC0B00200DC8000899
:10C8A000014800F036BA00BFED0C0020014800F04E
:10C8B00031BA00BFED0C002010B50446FFF7F0FFC1
:10C8C000236A1BB1BDE81040FFF7F0BF044B2362A1
:10C8D000044B1B68002BF5D1FFF7C4FFF2E700BF44
:10C8E00025C80008E40C00202DE9F84307468846D7
:10C8F00014460026D4E90195B9F1010905D524684B
:10C90000002CF7D13046BDE8F883AB89012B07D95D
:10C91000B5F90E30013303D029463846C0470643E7
:10C920006835E9E70FB407B5064904AB086853F862
:10C93000042B8168019301F08DFD03B05DF804EBD9
:10C9400004B070473C000020036A70B58468054657
:10C950000E460BB9FFF7B0FF636EDB0705D4A38962
:10C96000980502D4A06D00F0D4F9A389190702D567
:10C970002369002B35D12146284600F0E7F880B323
:10C980004FF0FF35636EDA0705D4A3899B0502D407
:10C99000A06D00F0BFF9284670BD002B04DAA26933
:10C9A0009A4217DC0A2915D023685A1C2260197094
:10C9B000A36816F8011F013BA3600029EDD1002BED
:10C9C00011DA22460A21284600F081F80130D7D03A
:10C9D0000A25D7E72246284600F079F80130E7D14A
:10C9E000CEE7013EE4E723685A1C22600A221A704F
:10C9F000EEE70000024B01461868FFF7A5BF00BF35
:10CA00003C0000200EB410B59DB01FAB0290069004
:10CA10006FF000410A48079104910A4953F8042B2A
:10CA20000591002402A9006801931B9401F0ECFB1E
:10CA3000029B1C701DB0BDE8104003B0704700BFE2
:10CA40003C0000200802FFFF10B50C46B1F90E10A3
:10CA500000F000F90028ABBF636DA3891B1823F415
:10CA60008053ACBF6365A38110BD2DE9F0411F4623
:10CA70008B89DB0505460C46164605D5B1F90E1027
:10CA80000223002200F0D4F8A389B4F90E1023F495
:10CA90008053A38132463B462846BDE8F04100F072
:10CAA000FBB810B50C46B1F90E1000F0C1F8431CEC
:10CAB000A38915BF606523F4805343F48053A38199
:10CAC00018BFA38110BDB1F90E1000F0A1B8F8B5E0
:10CAD0000E461446054618B1036A0BB9FFF7ECFE83
:10CAE000A369A360A3891A0701D5236943B9214625
:10CAF000284600F02BF818B14FF0FF373846F8BD44
:10CB000023682269981A6369F6B28342374605DCC6
:10CB10002146284601F03AFE0028EDD1A368013BEA
:10CB2000A36023685A1C22601E706269431C9A42EB
:10CB300004D0A389DB07E1D50A2EDFD121462846A0
:10CB400001F024FE0028D9D0D6E7000038B5294BE3
:10CB5000054618680C4618B1036A0BB9FFF7ACFE1E
:10CB6000B4F90C30190722D4DA0607D409222A6056
:10CB700043F04003A3814FF0FF3033E0580712D554
:10CB8000616B41B104F14403994202D0284600F0A0
:10CB90001BFF00236363A38923F02403A3810023E5
:10CBA000636023692360A38943F00803A381236999
:10CBB0004BB9A38903F42073B3F5007F03D021465A
:10CBC000284601F031FEB4F90C3013F001020AD00E
:10CBD0000022A26062695242A261226942B913F046
:10CBE0008000C5D138BD990758BF6269A260F4E7DB
:10CBF0000020F7E73C00002002440346934200D1A6
:10CC0000704703F8011BF9E7004870477C010020DA
:10CC100038B5064D0023044608462B60F5F7F0F9B9
:10CC2000431C02D12B6803B1236038BDE80C0020FF
:10CC300038B5074D04460846114600222A601A46B8
:10CC4000F5F705FA431C02D12B6803B1236038BD08
:10CC5000E80C002038B5074D04460846114600226E
:10CC60002A601A46F5F7AFF9431C02D12B6803B1CD
:10CC7000236038BDE80C002038B5064D002304467B
:10CC800008462B60F5F7F0F9431C02D12B6803B17D
:10CC9000236038BDE80C002038B5074D044608462F
:10CCA000114600222A601A46F4F71DFA431C02D1ED
:10CCB0002B6803B1236038BDE80C0020014B1868D5
:10CCC000704700BF3C00002070B50D4D0D4C641B3B
:10CCD000A4100026A64209D10B4D0C4C01F010FF08
:10CCE000641BA4100026A64205D170BD55F8043B74
:10CCF00098470136EEE755F8043B98470136F2E7CE
:10CD0000E4EF0008E4EF0008E4EF0008E8EF0008B3
:10CD10007047704770472DE9F74F03690C69A342CC
:10CD200007467EDB013C01F11408A30000F1140565
:10CD3000009305EB8403019358F8243055F8242020
:10CD400001339A4208EB8409B2FBF3F62ED34FF07D
:10CD5000000AC446AE46D3465CF8043B98B206FBD4
:10CD600000A0020C1B0C06FB0323DEF8002080B29F
:10CD700092B2121A5A44DEF800004FEA134A9BB2EC
:10CD8000C3EB224303EB104392B242EA0342E14574
:10CD90004EF8042B4FEA234BDED2009BEB582BB905
:10CDA000019B043B9D421A462FD33C61384601F05B
:10CDB000C7F8002825DB2946002058F8042BD1F8B5
:10CDC00000C01FFA82FE1FFA8CF3A3EB0E0303448C
:10CDD000120CC2EB234202EB1C429BB243EA024319
:10CDE000C14541F8043B4FEA2240E6D255F82420E1
:10CDF00005EB840322B9043B9D421A460BD33C61E8
:10CE00000136304603B0BDE8F08F1268043B002ABB
:10CE1000CBD1013CC6E71268043B002AEFD1013CAC
:10CE2000EAE70020EEE700002DE9F04FC76997B070
:10CE30008DED040B55EC104B209E079181460C9212
:10CE400011937FB91020FEF797FF0246C9F81C0026
:10CE500020B9A94BEF21A94801F06CFDC0E9017789
:10CE60000760C760D9F81C30196859B15A684A6020
:10CE7000012393408B60484600F030FED9F81C3007
:10CE800000221A602B1EB9BF23F000430593002334
:10CE90003360059F9A4BBCBF01223260BB4312D165
:10CEA000119A42F20F731360C7F31303234300F088
:10CEB0005A85219BDFF85CA2002B00F05C850AF10B
:10CEC000030300F056BD9DED047B002251EC170BCF
:10CED00000238DED0A7BF3F7F7FD804658B1119AD8
:10CEE00001231360219B13B1219A864B1360DFF855
:10CEF00028A200F040BD9DED0A0B14AA15A94846D2
:10CF000001F0CEF8C7F30A560290002E78D00B9BA2
:10CF1000CDF84880C3F31303DDE90A0143F07F53E2
:10CF200043F44013A6F2FF3619460022764BF3F77E
:10CF3000ABF96BA3D3E90023F3F75EFB6AA3D3E954
:10CF40000023F3F7A3F9044630460D46F3F7EAFA57
:10CF500067A3D3E90023F3F74FFB02460B462046B5
:10CF60002946F3F793F904460D46F3F7F5FD002241
:10CF70000746002320462946F3F7B0FD40B1384666
:10CF8000F3F7D0FA22462B46F3F79EFD00B9013F96
:10CF9000162F52D85D4B03EBC703D3E90023DDE91D
:10CFA0000A01F3F79BFD002849D0013F00231093AD
:10CFB000149B9B1B5A1E45BFC3F101030093002322
:10CFC0000023069254BF00930693002F39DB069B83
:10CFD0000D973B44069300230893079B092B63D8C6
:10CFE000052BC4BF043B0793079BA3F10203CCBFEF
:10CFF00000240124032B63D8DFE803F05254372BBD
:10D00000DDE914631E4406F23243202BC1BFC3F195
:10D0100040039F4006F2124324FA03F3D6BFC3F144
:10D02000200347EA030004FA03F0F3F76BFA012246
:10D03000A1F1F873013E129276E70123B7E7109051
:10D04000B6E7009BDB1B00937B42089300230D9304
:10D05000C3E7012309930C9B07EB030B0BF10103BF
:10D06000012B0393B8BF012306E0012309930C9B16
:10D07000002B28DD9B460393D9F81C0000210422D5
:10D0800002F114059D4226D94160484600F0E6FCB5
:10D090008246002842D11E4B024640F2AF11DAE62A
:10D0A0000023E3E70023D5E7012400230793099435
:10D0B0004FF0FF3B0022CDF80CB012230C92DBE7BF
:10D0C00001230993F4E74FF0010BCDF80CB05B4658
:10D0D000CDF830B0D0E701315200D1E7AFF3008096
:10D0E00061436F63A787D23FB3C8608B288AC63F6E
:10D0F000FB799F501344D33FA9EC0008C0EC000813
:10D100000000F07F79EC00080000F83F10EE000806
:10D1100018ED0008A5EC000878EC0008D9F81C30E0
:10D120001860039B0E2B00F2A180002C00F09E8063
:10D13000002F33DD9C4B07F00F0203EBC20393ED8E
:10D14000007BF8058DED0E7B4FEA271416D5974B23
:10D15000DDE90A01D3E90823F3F778FBCDE90401FF
:10D1600004F00F040326914D54B9DDE90E23DDE9E7
:10D170000401F3F76BFBCDE9040128E00226F2E796
:10D18000E10708D5DDE90E01D5E90023F3F734FA0C
:10D19000CDE90E01013664100835E5E700F0AF80F7
:10D1A0007C42814B814D04F00F0203EBC203D3E9B3
:10D1B0000023DDE90A01F3F71FFACDE90401241188
:10D1C00000230226002C40F08F80002BD3D1109B2F
:10D1D000DDE90445002B00F09480754B00222046C9
:10D1E0002946F3F77BFC002800F08B80039B002B83
:10D1F00000F08780BBF1000F34DD20466D4B00222C
:10D200002946F3F7F9F9CDE9040107F1FF380136B2
:10D210005C463046F3F786F9DDE90423F3F7ECF9D1
:10D22000654B0022F3F732F80546A1F15076002C49
:10D230006AD1DDE90401614B0022F3F725F80246CB
:10D240000B46CDE904232A463346F3F765FC002854
:10D2500040F09882DDE904012A4606F10043F3F725
:10D260003DFC38BBDDE90A34CDE90434159B002BC5
:10D27000C0F257810E2F00F354814B4B03EBC703D1
:10D2800093ED007B0C9B002B8DED007B80F2E58005
:10D29000039B002B00F3E1800CD1484B002251ECA2
:10D2A000170BF3F7A9F9DDE90423F3F72BFC0028AA
:10D2B00000F06682002425460C9B56466FEA030860
:10D2C00000272146484600F009FC002D00F0BD80F3
:10D2D0002FB1AF4203D03946484600F0FFFB294644
:10D2E000484600F0FBFBB0E0E20705D5D5E9002396
:10D2F000F3F782F9013601236410083562E702264C
:10D3000065E7039CB84684E7274B099903EBC40300
:10D3100053E902235444002954D029490020F3F74B
:10D3200095FA33462A46F2F7AFFFCDE90E0156468D
:10D33000DDE90401F3F710FC0546F3F7F3F80246C4
:10D340000B46DDE90401F2F79FFF303502460B463C
:10D35000CDE9042306F8015BDDE90E23F3F7BEFBFC
:10D36000002872D1DDE9042311490020F2F78CFF77
:10D37000DDE90E23F3F7B2FB002840F0B480A642AB
:10D380003FF470AFDDE90E010A4B0022F3F734F9E8
:10D39000084BCDE90E010022DDE90401F3F72CF979
:10D3A000CDE90401C4E700BF10EE0008E8ED000875
:10D3B0000000F03F0000244000001C40000014402A
:10D3C0000000E03F31462846F3F716F9CDE90E019B
:10D3D00013945646DDE90401F3F7BEFB0546F3F767
:10D3E000A1F802460B46DDE90401F2F74DFF3035A6
:10D3F00006F8015B02460B46A642CDE904234FF036
:10D40000000224D1AF4BDDE90E01F2F73FFF0246E7
:10D410000B46DDE90401F3F77FFB002863D1DDE96A
:10D420000E23A8490020F2F72FFF02460B46DDE944
:10D430000401F3F753FB00283FF414AF139E731E4F
:10D44000139316F8013C302BF8D047463BE09E4B37
:10D45000F3F7D2F8CDE90401BCE7DDE9044556460F
:10D46000DDE9002320462946F3F7F0F9F3F774FBD2
:10D470008046F3F757F8DDE90023F3F7BDF80246DD
:10D480000B462046294608F13004F2F7FDFE06F867
:10D49000014B039DA6EB0A04A54202460B4633D17D
:10D4A000F2F7F4FEDDE9002304460D46F3F734FB02
:10D4B000C0B9DDE9002320462946F3F705FB10B18A
:10D4C00018F0010F0ED10299484600F007FB002327
:10D4D0003370119B01371F60219B002B00F04B82A2
:10D4E0001E6048E2B84633461E4613F8012D392A1D
:10D4F00006D19A45F8D1302208F101088AF80020B7
:10D500001A7801321A70A0E76F4B0022F3F774F813
:10D510000022002304460D46F3F7D6FA00289FD0D8
:10D52000D1E7099A002A00F0EA80079A012A00F35D
:10D53000CD80129A002A00F0C18003F23343089C88
:10D54000009E009A1A440092069A01211A44484605
:10D55000069200F077FB054666B1069B002B09DDBD
:10D56000B342009AA8BF3346D21A0092069AF61A1E
:10D57000D31A0693089B0BB3099B002B00F0C680BF
:10D58000002C00F0C08029462246484600F012FCDC
:10D59000029A01460546484600F06AFB0299804619
:10D5A000484600F09BFA089B1B1B089300F0B180D3
:10D5B000089A4146484600F0FDFB0290012148468A
:10D5C00000F040FB0D9B0446002B00F0D8811A466A
:10D5D0000146484600F0EEFB079B012B044600F392
:10D5E0009F80049B002B40F09780059BC3F313039F
:10D5F000002B40F09380059B23F000431B0D1B057F
:10D6000033B1009B01330093069B01330693012342
:10D6100008930D9B002B00F0B881236904EB830372
:10D62000186900F0C3FAC0F12000069B184410F0FE
:10D630001F0000F08280C0F12003042B73DD009BEB
:10D64000C0F11C0003440093069B03440644069368
:10D65000009B002B05DD02991A46484600F004FCA9
:10D660000290069B002B05DD21461A46484600F035
:10D67000FBFB0446109B002B61D00298214600F072
:10D680005FFC00285BDA002302990A22484600F07A
:10D6900047FA099B029007F1FF38002B00F07781D1
:10D6A000294600230A22484600F03AFABBF1000F4F
:10D6B00005466FDC079B022B49DC6BE0149BC3F132
:10D6C00036033CE70000E03F00002440039B5C1E63
:10D6D000089BA34209DB1C1B039B002BBFF630AF4A
:10D6E000009B039A9E1A00232BE7089B0D9A08942F
:10D6F000E31A1A44009E039B0D92002421E7089C24
:10D70000009E099D28E7DDF8088051E7089A0299F4
:10D7100050E7CDF8088051E7002379E7049B77E7CD
:10D720000023089379E793D0009A1C331A4400929F
:10D73000069A1A441E4406928AE70346F4E7039BBE
:10D74000002BB84620DC9B46079B022B1EDDBBF15D
:10D75000000F7FF4B1AD21465B460522484600F03C
:10D76000DFF901460446029800F0EAFB00287FF743
:10D77000A3AD5646312306F8013B08F101089FE5A9
:10D78000039CB8462546F4E7DDF80CB0099B002B56
:10D7900000F00181002E05DD29463246484600F0A2
:10D7A00063FB0546089B002B5CD06968484600F087
:10D7B00055F9064628B9824B024640F2EF21FFF7A1
:10D7C0004ABB2A690232920005F10C010C3001F0CB
:10D7D000A3F801223146484600F046FB0AF1010356
:10D7E00000930AEB0B030893049B03F001032F46FD
:10D7F00006930546009B0298214603F1FF3BFFF785
:10D800008AFA03463033039039460298099300F0B0
:10D8100097FB2A4604902146484600F0ADFBC268BB
:10D82000099B064602BB0146029800F089FB099B52
:10D830000246314648460C92099300F04FF9079B87
:10D840000C9A009E42EA0301069B1943099B0DD1E5
:10D85000392B27D0049A002A01DD039B31338BF842
:10D8600000302EE52846B9E70122E2E704990029B5
:10D8700004DB079801430698014320D1002AEEDD1E
:10D88000029900930122484600F0EEFA21460290E8
:10D8900000F056FB0028009B02DCE0D1DA07DED561
:10D8A000392BDAD139238BF8003033461E46013B41
:10D8B00016F8012C392A4ED001321A7001E5002ADF
:10D8C00003DD392BEED00133C9E7009A089902F83D
:10D8D000013C8A4228D0029900230A22484600F0DF
:10D8E0001FF9AF4202904FF000034FF00A02394691
:10D8F000484607D100F014F907460546009B01335E
:10D90000009377E700F00CF92946074600230A2226
:10D91000484600F005F90546F0E7BBF1000FCCBF23
:10D920005E4601265644002702990093012248468C
:10D9300000F09AFA2146029000F002FB0028B4DCC5
:10D9400002D1009BDB07B0D433461E4613F8012DED
:10D95000302AFAD0B5E49A45A8D1312308F101085C
:10D960008AF80030ADE4219BDFF858A01BB10AF122
:10D970000803219A1360504617B0BDE8F08F079B4B
:10D98000012B7FF72EAE0D9B089301204DE6BBF1D6
:10D99000000F7FF7D9AE564602982146FFF7BBF934
:10D9A00000F1300306F8013BA6EB0A029345B4DD13
:10D9B000029900230A22484600F0B2F80290EBE7F1
:10D9C00018ED00089CEC000838B50546002941D048
:10D9D00051F8043C0C1F002BB8BFE418FEF77EFA88
:10D9E0001D4A136833B9636014602846BDE83840A7
:10D9F000FEF77ABAA34208D9206821188B4201BFEA
:10DA000019685B6809182160EDE71A465B680BB17D
:10DA1000A342FAD911685018A0420BD120680144E2
:10DA2000501883421160E0D118685B685360084465
:10DA30001060DAE702D90C232B60D6E720682118A2
:10DA40008B4204BF19685B68636004BF09182160DA
:10DA50005460CAE738BD00BFA80B002070B5C66986
:10DA600004460D4676B91020FEF786F90246E061BD
:10DA700020B9184B18486B2100F05CFFC0E9016623
:10DA80000660C660E669F36883B1E369DB6853F852
:10DA90002500B8B9012101FA05F6721D9200204651
:10DAA00000F066FF60B1C0E901560EE021220421BA
:10DAB000204600F05DFFE369F060DB68002BE4D1F5
:10DAC000002070BD026843F825200023C0E903331D
:10DAD000F7E700BFA9EC000829ED000870B5C6699A
:10DAE00005460C4676B91020FEF746F90246E86175
:10DAF00020B9094B09488F2100F01CFFC0E90166DD
:10DB00000660C6603CB1EB696268DB6853F82210BE
:10DB1000216043F8224070BDA9EC000829ED0008FF
:10DB20002DE9F0410D6907460C461E4601F1140C23
:10DB30000020DCF8003099B202FB01611E0C0B0CD6
:10DB400002FB063389B2013001EB034185424CF8F8
:10DB5000041B4FEA1346ECDC0EB3A368AB4219DC9E
:10DB6000616838460131FFF779FF804628B90246DF
:10DB70000C4B0D48BA2100F0DDFE2269023204F19F
:10DB80000C0192000C3000F0C7FE21463846FFF72A
:10DB9000A5FF444604EB850301355E6125612046FF
:10DBA000BDE8F08118ED000829ED0008B0F5803FD0
:10DBB000034636BF030400201020B3F1807F3CBF32
:10DBC0001B020830B3F1805F3CBF1B010430B3F18E
:10DBD000804F3CBF9B000230002B05DB13F0804FD1
:10DBE00000F1010008BF202070470368024613F0CF
:10DBF00007000BD0D90721D4980749BF5B089B08C1
:10DC0000012013605CBF13600220704799B209B90C
:10DC10001B0C1020D9B209B908301B0A190704BF20
:10DC20001B090430990704BF9B080230D90703D4AD
:10DC30005B0800F1010003D01360704700207047BB
:10DC40002020704710B50C460121FFF707FF024660
:10DC500028B9054B054840F2451100F06BFE012341
:10DC60004461036110BD00BF18ED000829ED0008F4
:10DC70002DE9F04F17460A693B699A42A8BF3B4617
:10DC80008946A4BF0F4699463D69D9F810A0BB68E4
:10DC9000796805EB0A06B34285B0B8BF0131FFF7DA
:10DCA000DDFE30B90246414B41484FF4B17100F0FE
:10DCB00041FE00F1140404EB860E23460022734556
:10DCC00020D307F1140809F1140108EB850501EBD5
:10DCD0008A030293EB1B153B23F003030433153730
:10DCE000BD4238BF04230193029B03918B420CD8A1
:10DCF000002E03DD5EF8043D002B55D0066105B013
:10DD0000BDE8F08F43F8042BD9E7B1F800A0BAF1D1
:10DD1000000F1FD0C446A14600275CF8042BD9F899
:10DD200000301FFA82FB9BB20AFB0B333B44D9F84D
:10DD30000070120C3F0C0AFB027202EB13429BB202
:10DD400043EA0243654549F8043B4FEA1247E4D8E9
:10DD5000019BE750039BB3F802900431B9F1000F27
:10DD600020D023684746A4464FF0000AB7F800B019
:10DD7000BCF8022009FB0B2252449BB243EA024347
:10DD80004CF8043B57F8043B4FEA134ABCF8003008
:10DD900009FB0A3303EB1243BD424FEA134AE5D8AD
:10DDA000019AA35004349FE7013EA1E718ED000853
:10DDB00029ED00082DE9F843154612F00302074645
:10DDC0000E4607D0254C013A002354F82220FFF7D5
:10DDD000A7FE0646AD103DD0FC697CB91020FDF7CA
:10DDE000CBFF0246F86128B91D4B1E4840F2B31123
:10DDF00000F0A0FDC0E901440460C460D7F81C80B5
:10DE0000D8F808404CB940F271213846FFF71AFFA4
:10DE10000023C8F80800044603604FF00009EB0730
:10DE20000AD5314622463846FFF722FF3146804662
:10DE30003846FFF753FE46466D100BD0206838B9C0
:10DE4000224621463846FFF713FF2060C0F80090B5
:10DE50000446E4E73046BDE8F88300BFDCED000887
:10DE6000A9EC000829ED00082DE9F0470C464968A7
:10DE7000236903EB6218A368074691464FEA621ACA
:10DE800008F10106B3420BDB3846FFF7E7FD054614
:10DE900048B90246284B29484FF4EF7100F04AFD7B
:10DEA00001315B00EEE7002300F1140100F11002E4
:10DEB0001846534533DB20692AEAEA7A04F1140351
:10DEC00019F01F0901EB8A0103EB800C2BD0C9F17B
:10DED000200E8A460022186800FA09F010434AF81A
:10DEE000040B53F8042B9C4522FA0EF2F3D8ACEB4A
:10DEF0000403153B23F00303043304F115006045CC
:10DF000088BF0423CA500AB108F10206013E384610
:10DF10002E612146FFF7E2FD2846BDE8F08742F872
:10DF2000040F0133C5E7043953F8042B41F8042FDB
:10DF30009C45F9D8EAE700BF18ED000829ED000874
:10DF40000A6903460069801A30B50ED114331431C2
:10DF500003EB820401EB820154F8045D51F8042DB7
:10DF6000954203D005D24FF0FF3030BDA342F3D32A
:10DF7000FBE70120F9E700002DE9F74F8946064647
:10DF8000114648461446FFF7DBFF051E12D129460D
:10DF90003046FFF763FD024628B93F4B40F2372178
:10DFA0003E4800F0C7FC0123C0E90435104603B029
:10DFB000BDE8F08FBCBF4B46A1463046D9F80410EF
:10DFC000BABF1C4601250025FFF748FD024618B9D7
:10DFD000314B40F24521E3E7D9F810702669C5605E
:10DFE00009F1100309F1140504F1140E00F1140BEA
:10DFF00005EB87080EEB86060193D9464FF0000C1F
:10E00000019B5EF8040B53F804AF01931FFA8AF3E7
:10E01000194683B2CB1A000C6344C0EB1A4000EBE4
:10E0200023409BB243EA0043764549F8043B4FEA5C
:10E03000204CE5D8331B153B23F003031534043380
:10E04000A64238BF04231D445B441E462C4644456B
:10E050000ED308F10301491B21F00301033DA8453C
:10E0600038BF00210B4453F8041D91B117619DE79F
:10E0700054F8041BE646080C1CFA81FC714400EBC2
:10E080002C4089B241EA004146F8041B4FEA204C7B
:10E09000DDE7013FE7E700BF18ED000829ED0008C4
:10E0A0002DE9F7430F46012159EC108B1646FFF777
:10E0B000D5FC044630B90246234B244840F20F31C8
:10E0C00000F038FCC9F30A55C9F313030DB143F44A
:10E0D00080130193B8F1000323D068460093FFF743
:10E0E00084FDDDE90012D0B1C0F1200302FA03F390
:10E0F0000B43C24063610192019BA361002B0CBFE3
:10E10000012202222261A5B1A5F2334505443D60FA
:10E11000C0F135003060204603B0BDE8F083616196
:10E12000EAE701A8FFF761FD019B6361203001224E
:10E13000E8E704EB8203A0F2324038601869FFF789
:10E1400035FDC0EB4210E5E718ED000829ED0008A9
:10E150002DE9F0478E681F46BE420B6882460C468A
:10E1600090462DD8B1F90C2012F4906F26D0656935
:10E17000096905EB4505A3EB010905EBD5757B1C8A
:10E180004B446D109D4238BF1D46530527D5294687
:10E19000FDF724FE064660B321694A4600F0BCFB49
:10E1A000A38923F4906343F08003A3812661656112
:10E1B0004E44A5EB09052660A5603E46BE4200D947
:10E1C0003E4620683246414600F06AFBA3689B1B2E
:10E1D000A3602368334423600020BDE8F0872A460B
:10E1E00000F0ECFB06460028E0D121695046FFF71D
:10E1F000EBFB0C23CAF80030A38943F04003A38152
:10E200004FF0FF30E9E700002DE9F04F98468B8989
:10E210001B069DB007460D46144610D50B6973B911
:10E220004021FDF7DBFD2860286130B90C233B60FD
:10E230004FF0FF301DB0BDE8F08F40236B6100232D
:10E24000099320238DF82930CDF80C803023DFF896
:10E250009C818DF82A304FF0010923469A4613F825
:10E26000012B0AB1252AF9D1BAEB040B0BD05B467E
:10E27000224629463846FFF76BFF013000F0A780A1
:10E28000099A5A4409929AF80030002B00F09F80B6
:10E2900000234FF0FF32CDE905230AF1010A049370
:10E2A00007938DF853301A935446052214F8011B36
:10E2B0004E48F1F78DFF049AD8B9D00644BF202309
:10E2C0008DF85330110744BF2B238DF853309AF843
:10E2D00000302A2B15D0079A544600204FF00A0C24
:10E2E000214611F8013B303B092B4BD9B0B10792C5
:10E2F00014E0A0EB080309FA03F313430493A246C6
:10E30000D2E7039B191D1B680391002BBBBF5B4227
:10E3100042F0020207930793B8BF049223782E2B92
:10E320000AD163782A2B32D1039B1A1D1B680392F2
:10E3300043EAE37302340593DFF8C0A02178032297
:10E340005046F1F745FF38B1049BA0EB0A0040228C
:10E35000824013430134049314F8011B24488DF8C0
:10E3600028100622F1F734FF002836D0214B1BBBC2
:10E37000039B073323F0070308330393099B3344BC
:10E3800009936AE70CFB02320C460120A8E7002340
:10E390000134059319464FF00A0C204610F8012B62
:10E3A000303A092A03D9002BC6D00591C4E70CFBEB
:10E3B000012104460123F0E703AB00932A460E4BEC
:10E3C00004A93846FDF736FE421C0646D6D1AB8975
:10E3D0005B063FF52DAF09982CE703AB00932A4667
:10E3E000054B04A93846FEF7BDF8EDE782ED0008BD
:10E3F0008CED000835C0000851E1000888ED0008E8
:10E400009368013B002B10B4936008DA9469A3422F
:10E4100001DB0A2903D15DF8044BFEF758BB1368F2
:10E42000581C1060197008465DF8044B7047F8B529
:10E4300006460F461446D518AC4201D1002007E02D
:10E4400014F8011B3A463046FFF7DAFF431CF3D1BC
:10E45000F8BD00002DE9F04F0D469DB014469846DA
:10E46000064618B1036A0BB9FEF726FA6B6ED90798
:10E4700005D4AB899A0502D4A86DFEF74AFCAB8996
:10E480001B0701D52B699BB929463046FEF75EFB79
:10E4900070B16B6EDC0704D54FF0FF301DB0BDE8E6
:10E4A000F08FAB899805F7D4A86DFEF733FCF3E73E
:10E4B0000023099320238DF82930CDF80C803023D8
:10E4C000DFF8AC818DF82A304FF0010923469A46D7
:10E4D00013F8012B0AB1252AF9D1BAEB040B0BD0A2
:10E4E0005B46224629463046FFF7A1FF013000F087
:10E4F000A780099A5A4409929AF80030002B00F03C
:10E500009F8000234FF0FF32CDE905230AF1010A75
:10E51000049307938DF853301A935446052214F848
:10E52000011B5348F1F754FE049AD8B9D10644BFF1
:10E5300020238DF85330130744BF2B238DF853301D
:10E540009AF800302A2B15D0079A544600204FF035
:10E550000A0C214611F8013B303B092B4BD9B0B1D5
:10E56000079214E0A0EB080309FA03F313430493A2
:10E57000A246D2E7039B191D1B680391002BBBBF6A
:10E580005B4242F0020207930793B8BF04922378DC
:10E590002E2B0AD163782A2B32D1039B1A1D1B68BC
:10E5A000039243EAE37302340593DFF8D4A02178A1
:10E5B00003225046F1F70CFE38B1049BA0EB0A0091
:10E5C0004022824013430134049314F8011B29486C
:10E5D0008DF828100622F1F7FBFD00283FD0264BCE
:10E5E0001BBB039B073323F0070308330393099BEB
:10E5F0003B4409936AE70CFB02320C460120A8E772
:10E6000000230134059319464FF00A0C204610F8F8
:10E61000012B303A092A03D9002BC6D00591C4E753
:10E620000CFB012104460123F0E703AB00932A46CB
:10E63000124B04A93046FDF7FDFC0746781CD6D1E5
:10E640006B6ED90705D4AB899A0502D4A86DFEF785
:10E6500061FBAB895B063FF51FAF09981EE703AB73
:10E6600000932A46054B04A93046FDF77BFFE4E7FB
:10E6700082ED00088CED000835C000082FE400088A
:10E6800088ED0008B1F90C202DE9F0411607054688
:10E690000C4654D44B68002B02DC0B6C002B48DD7D
:10E6A000E66A002E45D0002312F480522F68216ABA
:10E6B0002B6030D0626DA389590705D56368D21AE3
:10E6C000636B0BB1236CD21A0023E66A216A2846D9
:10E6D000B047431CA38906D129681D292BD82A4A93
:10E6E000CA40D60727D500226260D9042269226079
:10E6F00004D5421C01D12B6803B96065616B2F60A2
:10E70000B9B104F14403994202D02846FFF75CF9FD
:10E71000002363630DE001232846B0470246501CE6
:10E72000C9D12B68002BC6D01D2B01D0162B1ED1B2
:10E730002F60002022E043F040031BB21BE00F6972
:10E74000002FF6D093070E6808BF4B690F6018BF03
:10E750000023A6EB07088B60B8F1000FE9DD216A02
:10E76000A66A43463A462846B047002808DCB4F972
:10E770000C3043F04003A3814FF0FF30BDE8F0813F
:10E780000744A8EB0008E7E70100402038B50B6913
:10E7900005460C4613B90025284638BD18B1036A52
:10E7A0000BB9FEF789F8B4F90C30002BF3D0626E88
:10E7B000D00704D4990502D4A06DFEF7AAFA284622
:10E7C0002146FFF75FFF636EDA070546E4D4A389AD
:10E7D0009B05E1D4A06DFEF79DFADDE770B50C4610
:10E7E000B1F90E10002996B015461E460DDAA38920
:10E7F00013F0800F4FF0000114BF40234FF48063EB
:10E80000002031602B6016B070BD6A4600F062F8DF
:10E810000028ECDB019901F47041A1F50053594245
:10E8200059414FF48063EBE78B89F7B59D070646A6
:10E830000C4607D504F1470323602361012363617C
:10E8400003B0F0BD01AB6A46FFF7C8FF009F054665
:10E8500039463046FDF7C2FA48B9B4F90C309A058A
:10E86000EED423F0030343F00203A381E2E7A3897C
:10E87000206043F08003A381019BC4E904075BB1DE
:10E88000B4F90E10304600F037F828B1A38923F010
:10E89000030343F00103A381A3891D43A581CFE7AF
:10E8A000884210B501EB020402D98442234607D8FE
:10E8B000431EA14208D011F8012B03F8012FF8E7FD
:10E8C000024401468A4200D110BD13F8014D02F8FE
:10E8D000014DF7E738B5074D0023044608461146B9
:10E8E0002B60F3F799FB431C02D12B6803B1236023
:10E8F00038BD00BFE80C002038B5064D00230446A3
:10E9000008462B60F3F798FB431C02D12B6803B138
:10E91000236038BDE80C00200A44914200F1FF3327
:10E9200000D1704710B511F8014B03F8014F914227
:10E93000F9D110BD1FB514461A46094B1B68054690
:10E94000D8684CB1074B0091CDE9013406492B46FC
:10E9500000F070F800F080F8044B1C46F3E700BFAD
:10E960003C0000209DED0008AAED0008D8ED00084D
:10E9700070B5A1FB025434B92946FDF72FFA0646BB
:10E9800028B9304670BD0C2202600026F9E72A46FD
:10E990002146FEF731F9F4E782B001B901A942B18D
:10E9A0004BB113780B601278101E18BF012002B013
:10E9B00070471046FBE76FF00100F8E72DE9F041E2
:10E9C000074614460D4621B9BDE8F0411146FDF752
:10E9D00005BA2AB9FEF7F8FF25462846BDE8F081BA
:10E9E00000F041F88442064602D8B4EB500FF4D848
:10E9F00021463846FDF7F2F9804608B94546ECE76E
:10EA0000B4422246294628BF3246FFF785FF2946F1
:10EA10003846FEF7D9FFF1E70346084641B1FF2A21
:10EA200004D98A221A604FF0FF3070470A70012023
:10EA3000704700000EB403B5014603AB054853F818
:10EA4000042B00680193FFF705FD02B05DF804EBAD
:10EA500003B070473C00002008B5062000F034F8F1
:10EA60000120F3F7A5FA51F8043C181F002BBCBF96
:10EA70000B58C01870471F2938B505460C4604D9F5
:10EA8000162303604FF0FF3038BDC26B12B152F84D
:10EA900021304BB9284600F031F82246014628467D
:10EAA000BDE8384000F018B8012B0AD0591C03D13A
:10EAB000162303600120E7E7002142F824102046D6
:10EAC00098470020E0E70000024B01461868FFF776
:10EAD000D2BF00BF3C00002038B5074D00230446DC
:10EAE000084611462B60F3F753FA431C02D12B68FA
:10EAF00003B1236038BD00BFE80C0020F3F740BA33
:10EB0000F8B500BFF8BC08BC9E467047F8B500BF1A
:08EB1000F8BC08BC9E467047EA
:10EB18000D0A3D3D3D204143533735384C43422D86
:10EB2800303530422043757272656E742053656EBD
:10EB3800736F722054657374203D3D3D0D000000D5
:10EB480053544D3332463430375647204469736343
:10EB58006F7665727920426F6172640D0000000063
:10EB680053656E736F7220706F776572656420618C
:10EB78007420332E3356207C2053656E7369746974
:10EB880076697479203D2032362E34206D562F4117
:10EB98000D00000052656164696E672065766572D4
:10EBA8007920353030206D732E2E2E0D0A0D000081
:10EBB80043757272656E743A20252E3266204120A4
:10EBC8007C2053706565643A20256425250D0A006C
:10EBD8004375723A00000000252E3266410000009D
:10EBE8005370643A000000002564252520200000A9
:10EBF800537065656420436F6E74726F6C20496E44
:10EC0800697469616C697A65640D000053706565A3
:10EC18006420496E63726561736564202D3E20250A
:10EC28006425250D0A00000053706565642044655D
:10EC380063726561736564202D3E20256425250D6A
:10EC48000A000000434443000000000000000000E8
:10EC5800010203040607080900000000010203047A
:10EC6800494E4600696E66004E414E006E616E0068
:10EC78003000303132333435363738394142434445
:10EC880045460030313233343536373839616263BE
:10EC980064656600496E66696E697479004E614EF6
:10ECA800005245454E54206D616C6C6F632073753E
:10ECB80063636565646564002F6275696C642F67BA
:10ECC8006E752D746F6F6C732D666F722D73746D06
:10ECD80033325F31332E332E72656C312E3230323F
:10ECE80034303932362D313731352F7372632F6E08
:10ECF80065776C69622F6E65776C69622F6C6962E3
:10ED0800632F7374646C69622F64746F612E63007F
:10ED180042616C6C6F6320737563636565646564D9
:10ED2800002F6275696C642F676E752D746F6F6C38
:10ED3800732D666F722D73746D33325F31332E33DA
:10ED48002E72656C312E32303234303932362D31F4
:10ED58003731352F7372632F6E65776C69622F6E4A
:10ED680065776C69622F6C6962632F7374646C6970
:10ED7800622F6D707265632E6300232D302B200087
:10ED8800686C4C00656667454647004300504F5322
:10ED98004958002E002C2066756E6374696F6E3AB0
:10EDA8002000617373657274696F6E202225732267
:10EDB800206661696C65643A2066696C6520222565
:10EDC80073222C206C696E65202564257325730ACF
:10EDD8000000000005000000190000007D00000090
:10EDE8000080E03779C34143176E05B5B5B893463F
:10EDF800F5F93FE9034F384D321D30F94877825A0B
:10EE08003CBF737FDD4F1575000000000000F03F28
:10EE180000000000000024400000000000005940ED
:10EE28000000000000408F40000000000088C34040
:10EE380000000000006AF8400000000080842E41B5
:10EE480000000000D01263410000000084D7974101
:10EE58000000000065CDCD41000000205FA0024207
:10EE6800000000E876483742000000A2941A6D427C
:10EE7800000040E59C30A2420000901EC4BCD6426F
:10EE880000003426F56B0C430080E03779C341431A
:10EE980000A0D8855734764300C84E676DC1AB4390
:10EEA800003D9160E458E143408CB5781DAF1544AE
:10EEB80050EFE2D6E41A4B4492D54D06CFF0804489
:10EEC800F64AE1C7022DB544B49DD9794378EA449E
:10EED8000020202020202020202028282828282022
:10EEE800202020202020202020202020202020201A
:10EEF8002088101010101010101010101010101082
:10EF08001004040404040404040404101010101071
:10EF1800101041414141414101010101010101013B
:10EF2800010101010101010101010101101010108D
:10EF3800101042424242424202020202020202020D
:10EF48000202020202020202020202021010101061
:10EF58002000000000000000000000000000000089
:10EF68000000000000000000000000000000000099
:10EF78000000000000000000000000000000000089
:10EF88000000000000000000000000000000000079
:10EF98000000000000000000000000000000000069
:10EFA8000000000000000000000000000000000059
:10EFB8000000000000000000000000000000000049
:10EFC8000000000000000000000000000000000039
:04EFD8000000000035
:08EFDC00F411FF7F01000000A9
:04EFE400B50100086B
:04EFE800910100088B
:10EFEC00010100000024F4001000000001000000EA
:10EFFC004CEC000802000000599600080599000826
:10F00C00B7990008F5990008219B00080000000042
:10F01C000000000003000000AC0B002040000020AA
:10F02C0000000000AC0B0020140C00207C0C002015
:10F03C0000000000000000000000000000000000C4
:10F04C0000000000000000000000000000000000B4
:10F05C0000000000000000000000000000000000A4
:10F06C000000000000000000000000004300000051
:10F07C000000000000000000000000000000000084
:10F08C000000000000000000000000004300000031
:10F09C000000000000000000000000000000000064
:10F0AC000000000000000000000000004300000011
:10F0BC000000000000000000000000000000000044
:10F0CC0000000000000000000000000043000000F1
:10F0DC000000000000000000000000000000000024
:10F0EC0000000000000000000000000043000000D1
:10F0FC000000000000000000000000000000000004
:10F10C0000000000000000000000000043000000B0
:10F11C0000000000000000000000000000000000E3
:10F12C000000000000000000000000004300000090
:10F13C0000000000000000000000000000000000C3
:10F14C0000000000000000000000000019EA0008A8
:10F15C0099E9000800000000D8EE00089BED0008BB
:10F16C00D8ED0008D8ED0008D8ED0008D8ED00085F
:10F17C00D8ED0008D8ED0008D8ED0008D8ED00084F
:10F18C00D8ED0008FFFFFFFFFFFFFFFFFFFFFFFFB2
:10F19C00FFFF0000010041534349490000000000FB
:10F1AC000000000000000000000000000000000053
:10F1BC0000000000000041534349490000000000DA
:10F1CC000000000000000000000000000000000033
:08F1DC0000000000000000002B
:04000005080020F9D6
:00000001FF
